name,section
Amanda Taub,europe
Julian E. Barnes,europe
Asher Elbein,europe
Alex Marshall,europe
Ségolène Le Stradic,europe
Maria Varenikova,europe
Catherine Porter,europe
Stephen Castle,europe
Ed O’Loughlin,europe
Rachel Chaundler,europe
"Valerie Hopkins, Anton Troianovski",europe
Wendy Moonan,europe
Constant Méheut,europe
Anne-Marie Williams,europe
Chris Buckley,europe
Annie Karni,europe
Koba Ryckewaert,europe
Thomas Fuller,europe
Robert Jimison,europe
Kenneth P. Vogel,europe
Ivan Penn,europe
Rory Smith,europe
Natasha Frost,europe
Marc Santora,europe
Cassandra Vinograd,europe
Claire Moses,europe
"Carlotta Gall, Oleksandr Chubko",europe
"Marc Santora, Maria Varenikova",europe
Andrew Higgins,europe
Ekaterina Bodyagina,europe
Melissa Eddy,europe
Stephanie Rosenbloom,europe
"Valerie Hopkins, Anatoly Kurmanaev",europe
Frank Litsky,europe
Adam Nossiter,europe
Rachel Donadio,europe
Mark Landler,europe
Megan Specia,europe
Ivan Nechepurenko,europe
Anton Troianovski,europe
Alan Rappeport,europe
Jason Horowitz,europe
Anatoly Kurmanaev,europe
David E. Sanger,europe
Peter Eavis,europe
Derrick Bryson Taylor,europe
Mauricio Lima,europe
Jim Tankersley,europe
Christoph Koettl,europe
Emma Bubola,europe
"Muktita Suhartono, Elian Peltier, Shawna Richer",europe
Isabella Kwai,europe
Sarah Hurtes,europe
Steven Erlanger,europe
Christopher F. Schuetze,europe
Victor Mather,europe
Adam Satariano,europe
Nanna Heitmann,europe
Aurelien Breeden,europe
Remy Tumin,europe
Jeré Longman,europe
Elisabetta Povoledo,europe
Alessandro Grassani,europe
Tariq Panja,europe
"Gulsin Harman, Aaron Boxerman, Ben Hubbard",europe
Roger Cohen,europe
John Ismay,europe
Monika Pronczuk,europe
Orlando Mayorquín,europe
Jenny Gross,europe
Eric Schmitt,europe
Daniel E. Slotnik,europe
Sharon Otterman,nyregion
Alan Feuer,nyregion
Melena Ryzik,nyregion
"Jacob Bernstein, Melissa Guerrero",nyregion
Vanessa Friedman,nyregion
Jesse McKinley,nyregion
"Ben Protess, Jonah E. Bromwich, Maggie Haberman, Michael Rothfeld",nyregion
Melissa Guerrero,nyregion
Dana Rubinstein,nyregion
Will Heinrich,nyregion
"Jonah E. Bromwich, Karen Hanley",nyregion
Richard Sandomir,nyregion
Michael Rothfeld,nyregion
William K. Rashbaum,nyregion
Jonah E. Bromwich,nyregion
Javier C. Hernández,nyregion
Michael Levenson,nyregion
Michael Paulson,nyregion
Elisabeth Vincentelli,nyregion
Winnie Hu,nyregion
Anne Mancuso,nyregion
Ilana Kaplan,nyregion
Wesley Parnell,nyregion
Kate Christobek,nyregion
The New York Times,nyregion
"Ben Protess, Jonah E. Bromwich, Maggie Haberman",nyregion
Jan Ransom,nyregion
Grace Ashford,nyregion
Raúl Vilchis,nyregion
Christopher Maag,nyregion
Jane Margolies,nyregion
"Ben Protess, Jonah E. Bromwich, Alan Feuer",nyregion
"Jonah E. Bromwich, Rebecca Suner, Karen Hanley",nyregion
Adrienne Grunwald,nyregion
Alex Williams,nyregion
"Jonah E. Bromwich, Ben Protess",nyregion
Hurubie Meko,nyregion
Martha Schwendener,nyregion
"Ben Protess, Jonah E. Bromwich, William K. Rashbaum",nyregion
Maggie Haberman,nyregion
Sarah Mervosh,nyregion
Jeffery C. Mays,nyregion
Rebecca Suner,nyregion
Claire Fahy,nyregion
Peter Baker,nyregion
Emma G. Fitzsimmons,nyregion
Gabriel Blanco,nyregion
Alicia Napierkowski,nyregion
David Waldstein,nyregion
"Alan Feuer, Ben Protess, Jonah E. Bromwich",nyregion
Karen Zraick,nyregion
Maia Coleman,nyregion
Troy Closson,nyregion
Alyson Krueger,nyregion
Chelsia Rose Marcius,nyregion
Zachary Small,nyregion
Ana Ley,nyregion
Stefanos Chen,nyregion
Ed Shanahan,nyregion
Sarah Lyall,nyregion
Jonathan Swan,nyregion
Nicole Hong,nyregion
"Matthew Haag, Michael Rothfeld",nyregion
Connor Michael Greene,nyregion
Nate Schweber,nyregion
"Jonah E. Bromwich, Rebecca Suner",nyregion
"Kate Christobek, Ben Protess",nyregion
Erin Nolan,nyregion
Madeleine Ngo,nyregion
"Amy Julia Harris, Chelsia Rose Marcius, Nicole Hong, Joseph Goldstein",nyregion
Sadiba Hasan,nyregion
Matthew Haag,nyregion
Michael M. Grynbaum,nyregion
James Barron,nyregion
Edmund Lee,nyregion
Heather Senison,nyregion
Bianca Pallaro,nyregion
Dave Horn,nyregion
Claire Hogan,nyregion
Bret Stephens,opinion
Carl Elliott,opinion
"Michelle Cottle, Ross Douthat",opinion
Shira Efron,opinion
Lea Ypi,opinion
Karim Sadjadpour,opinion
Thomas B. Edsall,opinion
M. Steven Fish,opinion
Steven Hahn,opinion
John McWhorter,opinion
Rory Truex,opinion
Mireille Silcoff,opinion
Vishakha Darbha,opinion
Lydia Polgreen,opinion
Jillian Weinberger,opinion
Deborah Heaney,opinion
Binyamin Appelbaum,opinion
Ethan Zuckerman,opinion
Maureen Dowd,opinion
Margaret Renkl,opinion
David Wallace-Wells,opinion
Daniel Barenboim,opinion
Katherine Miller,opinion
Peter Coy,opinion
Michelle Goldberg,opinion
David Brooks,opinion
Shuli Huang,opinion
Michelle Cottle,opinion
Ross Douthat,opinion
Nicholas Kristof,opinion
Jonathan Alter,opinion
Manuel Bayo Gisbert,opinion
Jessica Grose,opinion
Alexandra Horowitz,opinion
Gaby Del Valle,opinion
Kathleen Kingsbury,opinion
Jessica Bennett,opinion
Frank Bruni,opinion
Anna Marks,opinion
Gail Collins,opinion
Pamela Paul,opinion
Gabriel Zucman,opinion
Gary Sernovitz,opinion
Jamelle Bouie,opinion
Charles M. Blow,opinion
Thomas L. Friedman,opinion
Naomi Schaefer Riley,opinion
Jane Coaston,opinion
Serge Schmemann,opinion
Alex Tey,opinion
Michael S. Roth,opinion
David French,opinion
"Michelle Cottle, Ross Douthat, Carlos Lozada",opinion
Johann Hari,opinion
Cameron Hudson,opinion
‘The Ezra Klein Show’,opinion
Geoffrey Wheatcroft,opinion
Paul Krugman,opinion
Jesse Wegman,opinion
Ken Belson,economy
The New York Times,economy
Stephen Castle,economy
"Ana Swanson, David Pierson",economy
Jeanna Smialek,economy
Ian Austen,economy
Kurtis Lee,economy
"Ben Casselman, Emma Goldberg",economy
Lazaro Gamio,economy
Rob Copeland,economy
Peter S. Goodman,economy
Ana Swanson,economy
Patricia Cohen,economy
Erica L. Green,economy
Patrick Junker,economy
Christine Zhang,economy
Mike Belleme,economy
Jes Aznar,economy
Natasha Frost,economy
Erin Griffith,economy
Jack Ewing,economy
"Ben Casselman, Lydia DePillis",economy
Nicholas Nehamas,economy
Jesse Drucker,economy
Conor Dougherty,economy
Michael Crowley,economy
Alan Rappeport,economy
Jordyn Holman,economy
Noam Scheiber,economy
Brooks Barnes,economy
Neal E. Boudette,economy
Peter Eavis,economy
Jim Tankersley,economy
Don Clark,economy
Edward Wong,economy
Marie Solis,economy
Santul Nerkar,economy
Craig Mod,economy
Jonathan Mahler,economy
"Isabella Kwai, Nikolay Nikolov",economy
Christopher F. Schuetze,economy
Madeleine Ngo,economy
Lydia DePillis,economy
Olivia Wang,economy
Ben Casselman,economy
Talmon Joseph Smith,economy
Ella Koeze,economy
David McCabe,economy
Michael Paulson,economy
J. Edward Moreno,economy
Erika Solomon,economy
Patrick Cooley,economy
Jenny Gross,economy
Michael Steinberger,economy
Reuters,world
Rawan Sheikh Ahmad,world
Stephen Castle,world
Rory Smith,world
Jack Nicas,world
Claire Moses,world
The Associated Press,world
Julia Bergin,world
Kiuko Notoya,world
"Vivek Shankar, Liam Stack, Adam Rasgon",world
Emiliano Rodríguez Mega,world
Edward Wong,world
Ruth Maclean,world
Russell Goldman,world
"Lauren Leatherby, Bora Erden",world
Christopher F. Schuetze,world
Christine Hauser,world
Carol Rosenberg,world
Alan Burdick,world
Jeré Longman,world
Michael Levenson,world
Anushka Patil,world
Gaya Gupta,world
Isabel Kershner,world
Julian E. Barnes,world
Lynsey Chutel,world
Cassandra Vinograd,world
Elisabeth Goodridge,world
Amanda Holpuch,world
Michael Crowley,world
Coral Davenport,world
Anatoly Kurmanaev,world
David E. Sanger,world
Farnaz Fassihi,world
Jim Tankersley,world
Elena Shao,world
Frances Robles,world
Amelia Nierenberg,world
Elisabetta Povoledo,world
Roger Cohen,world
John Ismay,world
John Yoon,world
Somini Sengupta,world
Aaron Boxerman,world
Eric Schmitt,world
Matthew Mpoke Bigg,world
Ed O’Loughlin,world
Natalie Keyssar,world
Rachel Chaundler,world
"Valerie Hopkins, Anton Troianovski",world
Constant Méheut,world
Eric Nagourney,world
Erica L. Green,world
Natasha Frost,world
Peter Baker,world
Liam Stack,world
Isabella Kwai,world
Victor Mather,world
Steven Erlanger,world
Natalie Kitroeff,world
Maria Varenikova,world
Ségolène Le Stradic,world
David C. Adams,world
Ian Austen,world
"Motoko Rich, Hisako Ueno",world
Laura Poppick,world
Eshe Nelson,world
Choe Sang-Hun,world
Charlie Savage,world
"Isabel Kershner, Cassandra Vinograd",world
"Adam Rasgon, Julian E. Barnes",world
Pete McKenzie,world
Andrew Higgins,world
Adam Nossiter,world
Amy Qin,world
Mark Landler,world
Alan Rappeport,world
"Damien Cave, Erica L. Green, Peter Baker, Aaron Boxerman",world
Ivan Nechepurenko,world
Christoph Koettl,world
Emma Bubola,world
Hamed Aleaziz,world
Nanna Heitmann,world
Emily Anthes,world
Iyad Abuheweila,world
Orlando Mayorquín,world
Jenny Gross,world
Sarah Hurtes,world
Adam Rasgon,world
"Adam Liptak, Abbie VanSickle",us
Alan Feuer,us
J. David Goodman,us
Shawn Hubler,us
Jess Bidgood,us
Claire Moses,us
Livia Albeck-Ripka,us
Rebecca Davis O’Brien,us
"Catie Edmondson, Carl Hulse",us
"Alan Blinder, Annie Karni",us
Julie Bosman,us
Michael C. Bender,us
"Jesus Jiménez, Orlando Mayorquín",us
Jesse McKinley,us
Kayla Guo,us
Stephanie Saul,us
Anna Betts,us
"John Pappas, Ben Laffin, Rebecca Suner",us
Carol Rosenberg,us
Jenna Russell,us
"Dana Goldstein, Troy Closson",us
Michael Levenson,us
Anemona Hartocollis,us
Jazmine Ulloa,us
Robert D. McFadden,us
Luke Broadwater,us
The New York Times,us
Annie Karni,us
Richard Fausset,us
Amanda Holpuch,us
"Karen Yourish, Danielle Ivory, Jennifer Valentino-DeVries",us
Eduardo Medina,us
Michael Crowley,us
Jesus Jiménez,us
Jim Tankersley,us
Rick Rojas,us
Mitch Smith,us
Jacey Fortin,us
Dana Goldstein,us
Alicia Parlapiano,us
"Shawn Hubler, Stephanie Saul",us
Eileen Sullivan,us
Natalie Keyssar,us
Erica L. Green,us
Susanne Craig,us
Vimal Patel,us
Peter Baker,us
Nicholas Nehamas,us
Gabriel Blanco,us
Trip Gabriel,us
Isabella Kwai,us
Alex Lemonides,us
Remy Tumin,us
Nicholas Bogel-Burroughs,us
Emily Cochrane,us
Storyful,us
Soumya Karlamangla,us
Jonathan Wolfe,us
Chris Cameron,us
Michael Gold,us
Elizabeth A. Harris,us
Alan Blinder,us
Alan Rappeport,us
Heather Knight,us
Zach Montague,us
Derrick Bryson Taylor,us
Campbell Robertson,us
Hamed Aleaziz,us
Madeleine Ngo,us
Neil Vigdor,us
Lauren Jackson,us
Adam Liptak,us
Carl Hulse,us
Mattathias Schwartz,us
Matthew Eadie,us
Jill Cowan,us
Maggie Astor,us
Jennifer Medina,us
Catrin Einhorn,climate
Raymond Zhong,climate
Stephen Castle,climate
Mike Ives,climate
Ayana Mathis,climate
Laura Poppick,climate
Colleen Creamer,climate
Annie Flanagan,climate
"Andrew Ross Sorkin, Ravi Mattu, Bernhard Warner, Sarah Kessler, Michael J. de la Merced, Lauren Hirsch",climate
Max Bearak,climate
Victor Moriyama,climate
Ivan Penn,climate
Sui-Lee Wee,climate
Dionne Searcey,climate
David Gelles,climate
Elisabeth Goodridge,climate
Jack Ewing,climate
Hilary Howard,climate
J. D. Biersdorfer,climate
Christina Morales,climate
Mohamed Ahmed,climate
Tanira Lebedeff,climate
Melissa Eddy,climate
Jim Robbins,climate
Ian Volner,climate
Lola Fadulu,climate
Veronique Greenwood,climate
Saif Hasnat,climate
Alyssa Moxley,climate
Jules Jacobs,climate
Lisa Friedman,climate
Josh Ocampo,climate
Cara Buckley,climate
Delger Erdenesanaa,climate
Coral Davenport,climate
Franz Lidz,climate
Neal E. Boudette,climate
Carl Zimmer,climate
Brad Plumer,climate
Alan Rappeport,climate
Elizabeth Paton,climate
Christina Goldbaum,climate
Zia ur-Rehman,climate
Emma Bubola,climate
Stephen Wallis,climate
Stanley Reed,climate
Shreya Chattopadhyay,climate
Noah Weiland,climate
Dana Rubinstein,climate
Alexis Soloski,climate
Lydia DePillis,climate
Ana Ionova,climate
Stephen Treffinger,climate
Stephanie Nolen,climate
Emily Anthes,climate
Zolan Kanno-Youngs,climate
Hiroko Tabuchi,climate
Lesley Evans Ogden,climate
Alan Burdick,climate
Ulet Ifansasti,climate
Alexander Nazaryan,climate
Ryan McCarthy,climate
Ephrat Livni,climate
"Katrin Bennhold, David Gelles, Raymond Zhong, Carlos Prieto, Michael Simon Johnson, Alex Stern, Diana Nguyen, Devon Taylor, Rowan Niemisto, Marion Lozano, Dan Powell",climate
Somini Sengupta,climate
DAVID GELLES,climate
Aatish Bhatia,climate
Manuela Andreoni,climate
Chang W. Lee,climate
Patricia Mazzei,climate
Clifford Krauss,climate
John Hanc,climate
Elaine Glusac,climate
Sarah Andersen,technology
Camille Baker,technology
Nicholas A. Ashford,technology
Pat Garofalo,technology
Matt Stoller,technology
Chris Mattmann,technology
Ezra Dyer,technology
Elizabeth Warren,technology
Jameel Jaffer,technology
Margaret O’Mara,technology
Elizabeth Spiers,technology
David M. Perry,technology
Zeynep Tufekci,technology
Jaron Lanier,technology
Katie Hafner,technology
Maureen Dowd,technology
Binyamin Appelbaum,technology
Damon Beres,technology
Molly White,technology
Char Adams,technology
Ben Tarnoff,technology
Laura Edelson,technology
Justin Gillis,technology
Joseph Turow,technology
Edward Niedermeyer,technology
Madison Malone Kircher,technology
Julia Angwin,technology
David Brooks,technology
Yair Listokin,technology
Jay Caspian Kang,technology
Adam Pasick,technology
Damon McCoy,technology
Scott Reyburn,technology
Jonathan Haidt,technology
Lindsey Graham,technology
Kara Swisher,technology
Jonathon Zytnick,technology
Hal Harvey,technology
Tressie McMillan Cottom,technology
Jean M. Twenge,technology
Katy Glenn Bass,technology
Kate Klonick,technology
Yashica Dutt,technology
Naomi Oreskes,technology
Stephanie Eisler Vance,technology
‘Sway’,technology
Barry Friedman,technology
Joy Buolamwini,technology
Brian Deese,technology
Yi-Zheng Lian,technology
Jacob N. Shapiro,technology
Farhad Manjoo,technology
Michael Riordan,technology
Zoe Weinberg,technology
Josephine Wolff,technology
Isabel Slone,technology
Molly Worthen,technology
Maria Bustillos,technology
Dan Wang,technology
Vauhini Vara,technology
Paul Krugman,technology
Frank Pavich,technology
Jodie Ginsberg,international-world
Hanna Notte,international-world
Richard Braude,international-world
Megan K. Stack,international-world
Alex de Waal,international-world
Paula Erizanu,international-world
Christopher P. Costa,international-world
Darran Anderson,international-world
Dan Coats,international-world
Uki Goñi,international-world
Stephen Marche,international-world
Gayatri Ganju,international-world
Daniel Levy,international-world
Siddhartha Deb,international-world
Gershon Baskin,international-world
Liat Atzili,international-world
Nadya Tolokonnikova,international-world
Will Freeman,international-world
Cameron Hudson,international-world
Geoffrey Wheatcroft,international-world
Syaru Shirley Lin,international-world
Heather W. Williams,international-world
Bina Shah,international-world
Joy Neumeyer,international-world
Tina Brown,international-world
Gish Jen,international-world
Karim Sadjadpour,international-world
Shina Peng,international-world
Jennifer Kavanagh,international-world
Anshel Pfeffer,international-world
Vanessa Barbara,international-world
Bilal Y. Saab,international-world
Polly Smythe,international-world
Peter Beinart,international-world
Michelle Goldberg,international-world
Linda Greenhouse,international-world
Boubacar Boris Diop,international-world
Una Mullally,international-world
Ilan Stavans,international-world
Mike M. Mochizuki,international-world
Steve Coll,international-world
Colin P. Clarke,international-world
Omar G. Encarnación,international-world
Ray Takeyh,international-world
Mikhail Zygar,international-world
Ayesha Siddiqa,international-world
Iman Fayyad,international-world
Tareq Baconi,international-world
Lucas Perelló,international-world
Yahya R. Sarraj,international-world
Joshua Leifer,international-world
Benny Morris,international-world
Vidya Krishnan,international-world
Kathy Gannon,international-world
Rafal Milach,international-world
Trita Parsi,international-world
Ben Lewis,international-world
Natasha Frost,international-world
Tanya Gold,international-world
Reuel Marc Gerecht,international-world
David Wallace-Wells,international-world
Ruti Munder,international-world
Paul Rusesabagina,international-world
Michael D. Swaine,international-world
Kari A. Bingen,international-world
John Delury,international-world
Justin S. Mankin,international-world
Spencer Ackerman,international-world
Maebel Gebremedhin,international-world
Jacob Dreyer,international-world
Gordon LaForge,international-world
J. Lester Feder,international-world
José Andrés,international-world
Isaac Kardon,international-world
Raphael Rashid,international-world
Thomas L. Friedman,international-world
Dahlia Scheindlin,international-world
W.J. Hennigan,international-world
Linda Thomas-Greenfield,international-world
Arash Azizi,international-world
Jean-Philippe Austin,international-world
J. D. Vance,international-world
Stephen Markley,international-world
Sonia Faleiro,international-world
Lea Ypi,international-world
Rory Truex,international-world
Lydia Polgreen,international-world
Stephanie Cooke,international-world
Peter Fairley,international-world
Iván Ulchur-Rota,international-world
Anna Sauerbrey,international-world
Tim Wu,international-world
Kenneth F. McKenzie Jr.,international-world
Ema Ryan Yamazaki,international-world
David Broder,international-world
Ross Douthat,international-world
Michael Beckley,international-world
Nataliya Gumenyuk,international-world
Daniel Trilling,international-world
Alice Rothchild,international-world
Olena Stiazhkina,international-world
Rajan Menon,international-world
Maya Wang,international-world
Jennifer Weiner,international-world
Sasha Vasilyuk,international-world
Zachary Small,dance
Emmanuel Morgan,dance
Julia Jacobs,dance
Melena Ryzik,dance
Robin Pogrebin,dance
Dolly Faibyshev,dance
Rebecca Thomas,dance
Gem Hale,dance
Sarah Bahr,dance
Siobhan Burke,dance
Claudia Bauer,dance
Juan A. Ramírez,dance
Gia Kourlas,dance
Lauren Wingenroth,dance
Emily Lordi,dance
Amanda Webster,dance
James Thomas,dance
Roslyn Sulcas,dance
Will Heinrich,dance
Richard Sandomir,dance
Marina Harss,dance
Chloé Cooper Jones,dance
Kate Guadagnino,dance
Alex Williams,dance
Rachel Sherman,dance
Margaret Fuhrer,dance
Javier C. Hernández,dance
Alexandra Jacobs,dance
"Marysa Greenawalt, Laura O’Neill, Jolie Ruben",dance
Brian Seibert,dance
Ian Zack,dance
Michael Paulson,dance
Elisabeth Vincentelli,dance
Yael Malka For The New York Times,dance
Meisha Rosenberg,dance
Brian Schaefer,dance
Matthew Pillsbury,magazine
Nate Rogers,magazine
Christoph Niemann,magazine
Wesley Morris,magazine
Kabir Chibber,magazine
"Nikole Hannah-Jones, Claire Hogan",magazine
Monica Murphy,magazine
Amanda Montei,magazine
Emily Bazelon,magazine
Phoebe Zerwick,magazine
Lachlan Cartwright,magazine
Carina del Valle Schorske,magazine
Yotam Ottolenghi,magazine
Elisabeth Zerofsky,magazine
Zach St. George,magazine
Lisa Donovan,magazine
Brett Martin,magazine
Nicholas Casey,magazine
J Wortham,magazine
Maggie Jones,magazine
Tamara Audi,magazine
Nikole Hannah-Jones,magazine
Gabriel Blanco,magazine
Joshua Hunt,magazine
Scaachi Koul,magazine
John Hodgman,magazine
Ligaya Mishan,magazine
videos by PEDEN + MUNK,magazine
Adina Glickstein,magazine
Adam Elder,magazine
Aaron Timms,magazine
T.M. Brown,magazine
Helen Ouyang,magazine
"Kim Barker, Jonah E. Bromwich",magazine
Paul Tough,magazine
Jonah Weiner,magazine
Sam Anderson,magazine
Samanth Subramanian,magazine
Kwame Anthony Appiah,magazine
Jonathan Mahler,magazine
Eliza Brooke,magazine
Molly Young,magazine
Susan Dominus,magazine
Lulu Garcia-Navarro,magazine
Imani Perry,magazine
Peter C. Baker,magazine
Chloé Cooper Jones,magazine
Michael Rothfeld,magazine
Sam Apple,magazine
Jillian Steinhauer,magazine
Ismail Muhammad,magazine
Marcela Valdes. Photographs,magazine
Charles Homans,magazine
David Marchese,magazine
"Lisa Sanders, M.D.",magazine
Steven Leckart,magazine
Daniel Bergner,magazine
Eric Kim,magazine
Ryan Bradley,magazine
Bill Wasik,magazine
Phillip Maciak,magazine
Tara Booth,magazine
Iva Dixit,magazine
"Josh Katz, Margot Sanger-Katz",health
Dani Blum,health
Christina Jewett,health
Catherine Pearson,health
Brian M. Rosenthal,health
Catie Edmondson,health
Reed Abelson,health
Eshe Nelson,health
Penelope Green,health
Douglas Main,health
Azeen Ghorayshi,health
Emma G. Fitzsimmons,health
Sarah Bahr,health
Jessica Silver-Greenberg,health
Roni Caryn Rabin,health
Callie Holtermann,health
"Eileen Sullivan, Glenn Thrush",health
Joanne Silberner,health
Scaachi Koul,health
Charlotte de la Fuente,health
Gina Kolata,health
Adam Nossiter,health
Sarah Kliff,health
Johnny Diaz,health
Matt Richtel,health
Katie Thomas,health
Josh Ocampo,health
Christina Caron,health
Michael S. Rosenwald,health
Jordyn Holman,health
Cade Metz,health
Pam Belluck,health
Carl Zimmer,health
Jonathan Moens,health
Delger Erdenesanaa,health
Benjamin Mueller,health
Ted Alcorn,health
"Noah Weiland, Benjamin Mueller",health
Emily Schmall,health
Chris Hamby,health
Apoorva Mandavilli,health
Sam Roberts,health
Noah Weiland,health
Knvul Sheikh,health
Richard Sandomir,health
"Emily Anthes, Apoorva Mandavilli",health
Stephanie Nolen,health
Emily Anthes,health
Remy Tumin,health
Zolan Kanno-Youngs,health
Alexander Nazaryan,health
Javier C. Hernández,health
Emily Baumgaertner,health
Claire Cain Miller,health
Lisa Miller,health
Clay Risen,health
Linda Qiu,health
Andrew Jacobs,health
Ken Belson,dealbook
"Andrew Ross Sorkin, Ravi Mattu, Bernhard Warner, Sarah Kessler, Michael J. de la Merced, Lauren Hirsch, Ephrat Livni",dealbook
Jeanna Smialek,dealbook
Karen Weise,dealbook
David Streitfeld,dealbook
David Yaffe-Bellany,dealbook
Lauren Hirsch,dealbook
Eshe Nelson,dealbook
Bernhard Warner,dealbook
"Andrew Ross Sorkin, Ravi Mattu, Bernhard Warner, Sarah Kessler, Michael J. de la Merced, Lauren Hirsch",dealbook
Patricia Cohen,dealbook
Vivienne Walt,dealbook
Nico Grant,dealbook
Michael J. de la Merced,dealbook
Erin Griffith,dealbook
Jack Ewing,dealbook
Sarah Kessler,dealbook
Benjamin Mullin,dealbook
Melissa Eddy,dealbook
Nicole Sperling,dealbook
Alexandra Stevenson,dealbook
Claire Fu,dealbook
Brooks Barnes,dealbook
Cade Metz,dealbook
Jordyn Holman,dealbook
Peter Eavis,dealbook
"Andrew Ross Sorkin, Bernhard Warner",dealbook
"Sapna Maheshwari, David McCabe",dealbook
Don Clark,dealbook
Cecilia Kang,dealbook
Santul Nerkar,dealbook
Joe Drape,dealbook
Gregory Schmidt,dealbook
Stanley Reed,dealbook
Liz Alderman,dealbook
Madeleine Ngo,dealbook
Paul Mozur,dealbook
Adam Satariano,dealbook
"Lauren Hirsch, Tania Ganguli",dealbook
Ravi Mattu,dealbook
Matthew Goldstein,dealbook
Ben Casselman,dealbook
Joe Rennison,dealbook
"Lauren Hirsch, Sarah Kessler",dealbook
Mike Isaac,dealbook
John Liu,dealbook
John Koblin,dealbook
Ephrat Livni,dealbook
"Cade Metz, Cecilia Kang, Sheera Frenkel, Stuart A. Thompson",dealbook
J. Edward Moreno,dealbook
Daisuke Wakabayashi,dealbook
"Mara Hvistendahl, Jack Ewing",dealbook
Tariq Panja,dealbook
James Poniewozik,television
Mujib Mashal,television
Leigh-Ann Jackson,television
Alex Marshall,television
Matt Flegenheimer,television
Maya Salam,television
Noel Murray,television
Kellina Moore,television
Matt Wolf,television
Lisa Schwarzbaum,television
Beth Braden,television
Emmanuel Morgan,television
Julia Jacobs,television
Jesse Green,television
"Ella Riley-Adams, Nick Haramis, Nicole Acheampong, Julia Halperin",television
Robin Pogrebin,television
Robert D. McFadden,television
Brandon Yu,television
Esther Zuckerman,television
Maureen Dowd,television
Alissa Wilkinson,television
Marc Tracy,television
Claire Moses,television
Callie Holtermann,television
Jason Bailey,television
Coco Romack,television
Nicole Sperling,television
Matt Stevens,television
Kathryn Shattuck,television
Dave Itzkoff,television
Shivani Gonzalez,television
Laura May Todd,television
Atul Loke,television
Jessica Roy,television
Emily Schmall,television
Calum Marsh,television
Alexis Soloski,television
Richard Sandomir,television
Laura Collins-Hughes,television
Kate Guadagnino,television
Abbie Kozolchyk,television
Mike Hale,television
Laurel Graeber,television
David Marchese,television
Sean T. Collins,television
Trish Bendix,television
John Koblin,television
Brett Berk,television
Jason Zinoman,television
Roger Cohen,television
Chris Vognar,television
Emily Cochrane,television
Elisabeth Vincentelli,television
Margaret Lyons,television
Orlando Mayorquín,television
Yan Zhuang,television
Dina Gachman,television
Elena Bergeron,television
Catrin Einhorn,energy-environment
Catherine Porter,energy-environment
Raymond Zhong,energy-environment
Paul Sonne,energy-environment
Damon Casarez,energy-environment
Max Bearak,energy-environment
Minho Kim,energy-environment
Ivan Penn,energy-environment
Dionne Searcey,energy-environment
David Gelles,energy-environment
Michael Wines,energy-environment
Jack Ewing,energy-environment
Thomas Ekström,energy-environment
Mara Hvistendahl,energy-environment
Mark Landler,energy-environment
Lisa Friedman,energy-environment
Alan Rappeport,energy-environment
Cara Buckley,energy-environment
Nadja Popovich,energy-environment
Delger Erdenesanaa,energy-environment
Coral Davenport,energy-environment
Brad Plumer,energy-environment
David E. Sanger,energy-environment
Jim Tankersley,energy-environment
Trip Gabriel,energy-environment
Stephen Wallis,energy-environment
"Jeanna Smialek, Ana Swanson",energy-environment
Sam Roberts,energy-environment
Madeleine Ngo,energy-environment
Lydia DePillis,energy-environment
Richard Sandomir,energy-environment
Elena Shao,energy-environment
Hiroko Tabuchi,energy-environment
Rory Doyle,energy-environment
Sarah Fowler,energy-environment
John Liu,energy-environment
Somini Sengupta,energy-environment
Manuela Andreoni,energy-environment
"Mara Hvistendahl, Jack Ewing",energy-environment
Monika Pronczuk,energy-environment
Clifford Krauss,energy-environment
Eileen Sullivan,energy-environment
Susan Shain,energy-environment
Melissa Hoppert,business
Jeanna Smialek,business
"Santul Nerkar, Rob Copeland",business
Steve Lohr,business
Michael J. de la Merced,business
Rebecca Robbins,business
Christina Morales,business
Stephanie Rosenbloom,business
Jin Yu Young,business
Mike Dang,business
Santul Nerkar,business
Liz Alderman,business
Kayla Guo,business
Lydia DePillis,business
Adam Satariano,business
Ravi Mattu,business
Jeff Sommer,business
Michael Levenson,business
J. Edward Moreno,business
Karen Hanley,business
Luke Broadwater,business
The New York Times,business
Lauren Hirsch,business
Rob Copeland,business
Emily Flitter,business
"Andrew Ross Sorkin, Ravi Mattu, Bernhard Warner, Sarah Kessler, Michael J. de la Merced, Lauren Hirsch",business
Robin Pogrebin,business
Ivan Penn,business
Amanda Holpuch,business
Benjamin Mullin,business
"Lauren Hirsch, Michael J. de la Merced",business
Brooks Barnes,business
Noam Scheiber,business
Jim Tankersley,business
Julie Weed,business
Niraj Chokshi,business
Mark Walker,business
Elisabetta Povoledo,business
Daisuke Wakabayashi,business
Clifford Krauss,business
Linda Qiu,business
Bruce Schoenfeld,business
Cameron Joseph,business
Jessica Fu,business
Mike Belleme,business
Farah Nayeri,business
Maureen Farrell,business
Erin Griffith,business
Tiffany Hsu,business
Tiffany May,business
Claire Fu,business
Neal E. Boudette,business
Peter Eavis,business
Tripp Mickle,business
Steven Greenhouse,business
Joe Drape,business
Stanley Reed,business
Kevin Roose,business
Margot Sanger-Katz,business
Matthew Goldstein,business
Alessandro Grassani,business
Isaac Aronow,business
Ephrat Livni,business
John Koblin,business
Tariq Panja,business
Zachary Small,business
David Yaffe-Bellany,business
Jack Ewing,business
Ben Sisario,business
Johnny Diaz,business
Alexandra Stevenson,business
Steven Lee Myers,business
Alan Rappeport,business
Pam Belluck,business
Marie Solis,business
"Andrew Ross Sorkin, Ravi Mattu, Bernhard Warner, Sarah Kessler, Michael J. de la Merced, Lauren Hirsch, Ephrat Livni, Benjamin Mullin",business
Ann Carrns,business
Madeleine Ngo,business
Noah Weiland,business
Michael M. Grynbaum,business
Sapna Maheshwari,business
Joe Rennison,business
David McCabe,business
Orlando Mayorquín,business
Mujib Mashal,asia
Reuters,asia
Nikolay Nikolov,asia
Sameer Yasir,asia
Suhasini Raj,asia
Adam Ferguson,asia
"Ana Swanson, David Pierson",asia
Mike Ives,asia
Vjosa Isai,asia
"Motoko Rich, Hisako Ueno",asia
Wendy Moonan,asia
"Hannah Beech, Paul Mozur",asia
Catie Edmondson,asia
Ana Swanson,asia
Choe Sang-Hun,asia
Weiyi Cai,asia
Kenneth P. Vogel,asia
Sui-Lee Wee,asia
Rory Smith,asia
Alex Travelli,asia
Douglas Main,asia
Pete McKenzie,asia
"Chris Buckley, Amy Chang Chien",asia
Claire Moses,asia
Amanda Holpuch,asia
Jack Ewing,asia
Vivian Wang,asia
Julia Bergin,asia
Kiuko Notoya,asia
Jin Yu Young,asia
"Chris Buckley, Lam Yik Fei, Amy Chang Chien",asia
Scaachi Koul,asia
"Reuters, The Associated Press",asia
Adam Nossiter,asia
Alexandra Stevenson,asia
Tiffany May,asia
Alan Rappeport,asia
Heather Knight,asia
Michael D. Shear,asia
Keith Bradsher,asia
Claire Fu,asia
David E. Sanger,asia
Saif Hasnat,asia
"Jenny Vrentas, Tariq Panja",asia
Peter Eavis,asia
Storyful,asia
Atul Loke,asia
Jim Tankersley,asia
"Muktita Suhartono, Elian Peltier, Shawna Richer",asia
Hannah Beech,asia
Samanth Subramanian,asia
Joy Dong,asia
"Parks And Wildlife Service, Western Australia",asia
Katrina Miller,asia
Jack Tamisiea,asia
Amy Chang Chien,asia
Christopher F. Schuetze,asia
Olivia Wang,asia
Zixu Wang,asia
Michael S. Schmidt,asia
Amelia Nierenberg,asia
Matthew Cullen,asia
Lam Yik Fei,asia
Nyimas Laula,asia
Tariq Panja,asia
Roger Cohen,asia
Jason Gutierrez,asia
John Ismay,asia
John Yoon,asia
Daisuke Wakabayashi,asia
Richard C. Paddock,asia
Eric Schmitt,asia
Yan Zhuang,asia
Kate Kelly,asia
"Andrew Das, Joe Ward",asia
Reuters,africa
Lynsey Chutel,africa
Alex Marshall,africa
Nasuna Stuart-Ulin,africa
Nick Cumming-Bruce,africa
Stephen Castle,africa
David C. Adams,africa
Enca Via Reuters,africa
Mady Camara,africa
Yvonne Mooka,africa
Seth Sherwood,africa
Norimitsu Onishi,africa
Armando Tivane,africa
"Ruth Maclean, Elian Peltier",africa
Elian Peltier,africa
The International Herald Tribune,africa
Rory Smith,africa
Siyi Zhao,africa
Rabson Kondowe,africa
"Elian Peltier, Keith Bradsher",africa
The Associated Press,africa
"John Eligon, Lynsey Chutel, Lauren Leatherby",africa
Ben Sisario,africa
Mohamed Ahmed,africa
Adam Nossiter,africa
Megan Specia,africa
Mark Landler,africa
Jesus Jiménez,africa
Alan Rappeport,africa
Michael S. Rosenwald,africa
Delger Erdenesanaa,africa
Tariro Mzezewa,africa
Brian Otieno,africa
Vivian Morelli,africa
Alan Cowell,africa
Delthia Ricks,africa
Jeffrey Moyo,africa
Peace Adzo Medie,africa
"Muktita Suhartono, Elian Peltier, Shawna Richer",africa
Emma Bubola,africa
Ruth Maclean,africa
Clay Risen,africa
Isabella Kwai,africa
Amir Hamja,africa
"David C. Adams, Abdi Latif Dahir",africa
Victor Mather,africa
Sadiba Hasan,africa
Shivani Vora,africa
Jesse Barron,africa
Stephanie Nolen,africa
Christine Hauser,africa
Frances Robles,africa
Alex Williams,africa
Elisabetta Povoledo,africa
John Eligon,africa
Greta Rybus,africa
Abdi Latif Dahir,africa
Declan Walsh,africa
Joao Silva,africa
Eric Schmitt,africa
Ismail Alfa,africa
Dounard Bondo,africa
Jyoti Thottam,editorials
The Editorial Board,editorials
Jeneen Interlandi,editorials
Ka-Man Tse,editorials
Adam Riding,editorials
Binyamin Appelbaum,editorials
Peter Coy,editorials
Farah Stockman,editorials
Michelle Cottle,editorials
Larry Fink,editorials
Kathleen Kingsbury,editorials
Zeke Bogusky,editorials
Alex Kingsbury,editorials
David Firestone,editorials
Serge Schmemann,editorials
Bill McDowell,editorials
Mara Gay,editorials
Cydni Elledge,editorials
Damon Winter,editorials
Jesse Wegman,editorials
James Poniewozik,arts
Michael Snyder,arts
Emmanuel Morgan,arts
Melena Ryzik,arts
Gina Kolata,arts
Emily Lordi,arts
T.M. Brown,arts
Will Heinrich,arts
Ben Kenigsberg,arts
Guy Trebay,arts
Javier C. Hernández,arts
Colin Moynihan,arts
Brian Seibert,arts
Michael Paulson,arts
Joumana Khatib,arts
Elisabeth Vincentelli,arts
Evan Nicole Brown,arts
Yan Zhuang,arts
Alex Marshall,arts
Wesley Morris,arts
The New York Times,arts
Matt Wolf,arts
Siddhartha Mitter,arts
Valeriya Safronova,arts
Michael Greshko,arts
Robin Pogrebin,arts
Adam Bradley,arts
Alissa Wilkinson,arts
Laura van Straaten,arts
Christopher Kuo,arts
Megan Conway,arts
Tom Mashberg,arts
Ana Topoleanu,arts
Lisa Kennedy,arts
Alex Williams,arts
Alexandra Alter,arts
Trish Bendix,arts
Martha Schwendener,arts
Mona Awad,arts
Natalia Winkelman,arts
John Yoon,arts
Clay Risen,arts
Cindy Hirschfeld,arts
Jon Caramanica,arts
Joe Coscarelli,arts
Julia Jacobs,arts
Mekado Murphy,arts
Flávia Milhorance,arts
Julia Halperin,arts
Siobhan Burke,arts
J. D. Biersdorfer,arts
Dan Powell,arts
Matt Stevens,arts
Shivani Gonzalez,arts
J. Hoberman,arts
Beatrice Loayza,arts
Christopher R. Weingarten,arts
Stephen Treffinger,arts
Remy Tumin,arts
Caitie Kelly,arts
Carlos Aguilar,arts
John Koblin,arts
Margaret Lyons,arts
Caryn Ganz,arts
Zachary Woolfe,arts
Jessica Testa,arts
"Anna Martin, Julia Botero, Christina Djossa, Reva Goldberg, Emily Lang, Davis Land, Jen Poyant, Daniel Ramirez",arts
Alex Traub,arts
Zachary Small,arts
Penelope Green,arts
Elizabeth A. Harris,arts
Oussama Zahr,arts
Sarah Lyall,arts
Ben Sisario,arts
Adam Nossiter,arts
Benjamin P. Russell,arts
Roslyn Sulcas,arts
Jon Pareles,arts
Philip Cheung,arts
Jason Zinoman,arts
Alexandra E. Petri,arts
Danielle Dowling,arts
Jonathan Griffin,arts
Yuji Oboshi,food
Ségolène Le Stradic,food
Julia Moskin,food
Kim Severson,food
Pete Wells,food
Mia Leimkuhler,food
Chantel Tattoli,food
Becky Hughes,food
Eshe Nelson,food
Genevieve Ko,food
Krysten Chambrot,food
Brian Gallagher,food
Priya Krishna,food
Ella Quittner,food
Tanya Sichynsky,food
David Tanis,food
Sarah Bahr,food
Natasha Janardan,food
Amy Thomas,food
Shannon Wianecki,food
Audra Melton,food
Nikita Richardson,food
Christina Morales,food
Juan A. Ramírez,food
A.J. Goldmann,food
Ligaya Mishan,food
Becky Cooper,food
Johnny Diaz,food
Emily Lordi,food
Roxanne Fequiere,food
Aaron Timms,food
Alexa Brazilian,food
Christine Chitnis,food
Brett Anderson,food
Eric Asimov,food
Joshua M. Bernstein,food
Zio Baritaux,food
Laura May Todd,food
Sam Sifton,food
Liz Alderman,food
Rick A. Martínez,food
"Korsha Wilson, Brett Anderson, Melissa Clark, Tanya Sichynsky",food
Noah Weiland,food
"Kevin Pang, Priya Krishna",food
"Julia Halperin, Kate Guadagnino",food
"Pete Wells, Gabriel Blanco, Rebecca Suner, Ruru Kuo, Karen Hanley",food
Melissa Clark,food
Emily Anthes,food
Carson Griffith,food
Remy Tumin,food
Kate Guadagnino,food
Hanya Yanagihara,food
Eleanore Park,food
Jean Trinh,food
Amelia Nierenberg,food
Florence Fabricant,food
Alyson Krueger,food
J. Kenji López-Alt,food
Jamie Sims,food
Julie Creswell,food
Joan Nathan,food
Mari Maeda,food
Eric Kim,food
Gisela Williams,food
Emily Weinstein,food
Yan Zhuang,food
Reuters,upshot
Camille Baker,upshot
The New York Times,upshot
"Larry Buchanan, Karen Hanley",upshot
Christina Jewett,upshot
The Upshot Staff,upshot
Ruth Igielnik,upshot
Reed Abelson,upshot
Larry Buchanan,upshot
Ben Blatt,upshot
Christine Zhang,upshot
Judson Jones,upshot
"German Lopez, Josh Katz",upshot
"Josh Katz, K.K. Rebecca Lai, William B. Davis",upshot
"Sarah Mervosh, Claire Cain Miller",upshot
Rebecca Robbins,upshot
Toni Monkovic,upshot
Josh Katz,upshot
Eden Weingart,upshot
Pam Belluck,upshot
"Josh Katz, Toni Monkovic",upshot
"Claire Cain Miller, Sarah Mervosh",upshot
"Claire Cain Miller, Alicia Parlapiano",upshot
Ellen Barry,upshot
Courtney Cox,upshot
Nate Cohn,upshot
Margot Sanger-Katz,upshot
Ruru Kuo,upshot
Francesca Paris,upshot
Kevin Quealy,upshot
Emily Baumgaertner,upshot
Irineo Cabreros,upshot
"Josh Katz, Kevin Quealy",upshot
Aatish Bhatia,upshot
Claire Cain Miller,upshot
Emily Badger,upshot
Alicia Parlapiano,upshot
Andrew Jacobs,upshot
Luke Broadwater,politics
Julian E. Barnes,politics
Matt Flegenheimer,politics
The New York Times,politics
Alan Feuer,politics
Glenn Thrush,politics
"Ben Protess, Jonah E. Bromwich, Maggie Haberman",politics
Eric Schmitt,politics
David C. Adams,politics
Natalie Keyssar,politics
Chris Cameron,politics
"Jacob Bernstein, Madison Malone Kircher",politics
Michael Gold,politics
Annie Karni,politics
Erica L. Green,politics
Susanne Craig,politics
Charlie Savage,politics
David A. Fahrenthold,politics
Minho Kim,politics
Kenneth P. Vogel,politics
Peter Baker,politics
Jess Bidgood,politics
Jonathan Swan,politics
Marc Tracy,politics
Nicholas Nehamas,politics
Jeremy W. Peters,politics
"Karen Yourish, Danielle Ivory, Jennifer Valentino-DeVries",politics
Rebecca Davis O’Brien,politics
Michael Crowley,politics
Alan Rappeport,politics
"Catie Edmondson, Carl Hulse",politics
Michael D. Shear,politics
Isadora Kosofsky,politics
Shane Goldmacher,politics
Anatoly Kurmanaev,politics
Zach Montague,politics
Carl Zimmer,politics
Michael C. Bender,politics
David E. Sanger,politics
Jamie Kelter Davis,politics
Jesse McKinley,politics
Jim Tankersley,politics
"Lara Jakes, Eric Schmitt, Marc Santora",politics
Benjamin Mueller,politics
Andre Paultre,politics
Hamed Aleaziz,politics
Kayla Guo,politics
Niraj Chokshi,politics
Madeleine Ngo,politics
Neil Vigdor,politics
Alex Lemonides,politics
Adam Liptak,politics
Jazmine Ulloa,politics
Carlos Javier Ortiz,politics
Mark Walker,politics
Carl Hulse,politics
Sapna Maheshwari,politics
Margot Sanger-Katz,politics
Carol Rosenberg,politics
Emily Anthes,politics
Nate Cohn,politics
Zolan Kanno-Youngs,politics
Lisa Lerer,politics
Charles Homans,politics
David McCabe,politics
Maggie Astor,politics
Jennifer Medina,politics
John Ismay,politics
Maggie Haberman,politics
Eileen Sullivan,politics
Robert D. McFadden,politics
Adam Rasgon,politics
David Mack,business-economics
Tyler H. Norris,business-economics
Jameel Jaffer,business-economics
Robert J. Shiller,business-economics
Jason Bordoff,business-economics
David Udell,business-economics
Donald P. Moynihan,business-economics
John Poulos,business-economics
Farah Stockman,business-economics
Justin Roczniak,business-economics
Marie Arana,business-economics
Nate Loewentheil,business-economics
Michael W. McConnell,business-economics
Gernot Wagner,business-economics
Brad Lander,business-economics
Ho-Fung Hung,business-economics
Michael Riordan,business-economics
Ginger Allington,business-economics
James Morton Turner,business-economics
Jeff D. Colgan,business-economics
Paul Krugman,business-economics
Margaret O’Mara,business-economics
Steven Rattner,business-economics
Zeynep Tufekci,business-economics
Bruce A. Green,business-economics
Andrew Mergen,business-economics
Ben S. Bernanke,business-economics
Charles Harvey,business-economics
Thomas J. Campanella,business-economics
Yair Listokin,business-economics
"David Sirota, Rebecca Burns, Julia Rock",business-economics
Bruce Schneier,business-economics
Lindsey Graham,business-economics
Aaron Tang,business-economics
Jonathon Zytnick,business-economics
Kurt House,business-economics
Jody Freeman,business-economics
Naomi Oreskes,business-economics
Michael Punke,business-economics
Jeffrey Reppucci,business-economics
Amol S. Navathe,business-economics
Ezra Klein,business-economics
Astra Taylor,business-economics
Brendan Ballou,business-economics
Cass R. Sunstein,business-economics
John Reed Stark,business-economics
Bill Saporito,business-economics
Binyamin Appelbaum,business-economics
David Wallace-Wells,business-economics
Peter Coy,business-economics
Terri Gerstein,business-economics
Edward Niedermeyer,business-economics
David Brooks,business-economics
Pamela Herd,business-economics
Annaliese Griffin,business-economics
Auden Schendler,business-economics
Diva Amon,business-economics
Justin S. Mankin,business-economics
Guido Alfani,business-economics
Shira A. Scheindlin,business-economics
Farhad Manjoo,business-economics
Chenzi Xu,business-economics
Cara Eckholm,business-economics
Maria Bustillos,business-economics
Stephen Markley,business-economics
Nelson Rauda Zablah,business-economics
Justin Wolfers,business-economics
Elizabeth Warren,business-economics
Roger Lowenstein,business-economics
Gerald Markowitz,business-economics
"Rebecca Fuoco, David Rosner",business-economics
Stephanie Cooke,business-economics
Ethan Zuckerman,business-economics
Michael E. Webber,business-economics
Tom Brokaw,business-economics
Ankush Khardori,business-economics
Charles Komanoff,business-economics
Justin Gillis,business-economics
Tim Wu,business-economics
Hillary Clinton,business-economics
Ross Douthat,business-economics
Peter Allgeier,business-economics
Gregory P. Magarian,business-economics
Pamela Paul,business-economics
Tressie McMillan Cottom,business-economics
Neil Barsky,business-economics
Betsey Stevenson,business-economics
Bryce Covert,business-economics
Bill Gates,business-economics
Brian Deese,business-economics
Matthew Cunningham-Cook,business-economics
Mujib Mashal,americas
Federico Rios,americas
Julie Turkewitz,americas
"John Yoon, Isabella Kwai",americas
Vjosa Isai,americas
Rose Courteau,americas
Rory Smith,americas
"Julie Turkewitz, Natalie Kitroeff",americas
Jack Nicas,americas
Leila Miller,americas
The Associated Press,americas
Jonathan Corum,americas
Emiliano Rodríguez Mega,americas
Michael D. Shear,americas
Andre Paultre,americas
Isayen Herrera,americas
Rebecca Chace,americas
Emily Schmall,americas
Mitra Taj,americas
Jack Tamisiea,americas
Ana Ionova,americas
"Jack Nicas, Christoph Koettl, Leonardo Coelho",americas
Carol Rosenberg,americas
Jeré Longman,americas
Daniele Volpe,americas
Zoë Lescaze,americas
"Jody García, John Yoon",americas
Chloe Rose Stuart-Ulin,americas
Nathalia Angarita,americas
Alex Marshall,americas
Suhasini Raj,americas
"Brent McDonald, Miguel Soffia",americas
Michael Greshko,americas
"Natalie Kitroeff, Zolan Kanno-Youngs, Paulina Villegas",americas
Tanira Lebedeff,americas
Jesus Jiménez,americas
"Julie Turkewitz, Nikolay Nikolov",americas
Sopan Deb,americas
William B. Davis,americas
Stephanie Nolen,americas
Frances Robles,americas
Mona Awad,americas
John Yoon,americas
Justin J Wee,americas
Clay Risen,americas
Matthew Mpoke Bigg,americas
Nasuna Stuart-Ulin,americas
Dado Galdieri,americas
Natalie Keyssar,americas
Norimitsu Onishi,americas
Flávia Milhorance,americas
Sarah Bahr,americas
Ingrid K. Williams,americas
K.K. Rebecca Lai,americas
John Bartlett,americas
Peter Eavis,americas
"Muktita Suhartono, Elian Peltier, Shawna Richer",americas
Maria Abi-Habib,americas
Seth Kugel,americas
Isabella Kwai,americas
Paulo Motoryn,americas
Nicholas Bogel-Burroughs,americas
Genevieve Glatsky,americas
Natalie Kitroeff,americas
"Emiliano Rodríguez Mega, David C. Adams",americas
Lauren Sloss,americas
David C. Adams,americas
Ian Austen,americas
Adriana Loureiro Fernandez,americas
Thalíe Ponce,americas
James Wagner,americas
Robert Jimison,americas
Elisabeth Malkin,americas
Jack Ewing,americas
Guillermo Arias,americas
Emma Bubola,americas
Hamed Aleaziz,americas
"Genevieve Glatsky, Isayen Herrera",americas
Simon Romero,americas
Carina del Valle Schorske,travel
Penelope Colston,travel
Finn-Olaf Jones,travel
Brian Gallagher,travel
David Laskin,travel
Claire Moses,travel
Elaine Sciolino,travel
Shannon Wianecki,travel
Stephanie Rosenbloom,travel
Charlotte de la Fuente,travel
Scott Miller,travel
Laura May Todd,travel
Syren Nagakyrie,travel
Craig Mod,travel
Santul Nerkar,travel
Kayla Guo,travel
"Niraj Chokshi, Sydney Ember",travel
Paula Deitz,travel
Jenna Russell,travel
Alexander Nazaryan,travel
J. Edward Moreno,travel
Elaine Glusac,travel
Luke Broadwater,travel
Elizabeth Winkler,travel
Valeriya Safronova,travel
Colleen Creamer,travel
Priya Krishna,travel
Amanda Holpuch,travel
Derek M. Norman,travel
Mohamed Ahmed,travel
Gordy Megroz,travel
Ricci Shryock,travel
Jesus Jiménez,travel
Adina Glickstein,travel
Christine Chitnis,travel
Zio Baritaux,travel
David Belcher,travel
Sasha Arutyunova,travel
Julie Weed,travel
Niraj Chokshi,travel
Kate Maxwell,travel
"Kevin Pang, Priya Krishna",travel
Mark Walker,travel
Daniel Modlin,travel
Alex Williams,travel
Amelia Nierenberg,travel
Elisabetta Povoledo,travel
Christine Chung,travel
Jamie Sims,travel
Mona Awad,travel
Gisela Williams,travel
Andrea Lee Negroni,travel
Andrew Zucker,travel
Chantel Tattoli,travel
Tom Vanderbilt,travel
Ceylan Yeğinsu,travel
Sophie Stuber,travel
Natasha Frost,travel
Sydney Ember,travel
J. D. Biersdorfer,travel
Roxanne Fequiere,travel
Peter Eavis,travel
Peace Adzo Medie,travel
Maria Abi-Habib,travel
Seth Kugel,travel
Isabella Kwai,travel
Lauren Matison,travel
Caitie Kelly,travel
Emma Dibdin,travel
Alessandro Grassani,travel
Lauren Sloss,travel
John Wogan,travel
Elisabeth Malkin,travel
Sarah Lyall,travel
Julie Halpert,travel
Amy Thomas,travel
Johnny Diaz,travel
Frank Rojas,travel
Ginanne Brownell,travel
Brett Anderson,travel
Niki Kitsantonis,travel
Vivian Morelli,travel
Emma Bubola,travel
Christine Negroni,travel
Alice Callahan,travel
Danielle Pergament,travel
Greta Rybus,travel
Orlando Mayorquín,travel
Danielle Dowling,travel
Dani Blum,style
Andrew Zucker,style
The New York Times,style
Jon Caramanica,style
Rosalie R. Radomsky,style
Tammy LaGorce,style
Lauren Gallow,style
"Jacob Bernstein, Madison Malone Kircher",style
Wendy Moonan,style
Louis Lucero II,style
Valeriya Safronova,style
Anna Grace Lee,style
Katie Van Syckle,style
Saskia Solomon,style
Julie Lasky,style
Hilary Sheinbaum,style
"Jacob Bernstein, Melissa Guerrero",style
Krista Schlueter,style
David Kasnic,style
Gina Cherelus,style
Margaret Roach,style
Laura van Straaten,style
Vanessa Friedman,style
Callie Holtermann,style
The Styles Desk,style
Alex Vadukul,style
Emma Grillo,style
Pat McCusker,style
Eve M. Kahn,style
Madison Malone Kircher,style
Ian Volner,style
Ruth La Ferla,style
T.M. Brown,style
Frank Rojas,style
Tim McKeough,style
"Anna Martin, Julia Botero, Christina Djossa, Reva Goldberg, Emily Lang, Davis Land, Jen Poyant, Daniel Ramirez, Dan Powell",style
Landon Nordeman,style
Jenny Block,style
Elizabeth Paton,style
Steven Kurutz,style
Marie Solis,style
Ye Fan,style
Jane Margolies,style
Jane Beiles,style
Stephen Wallis,style
Jim Windolf,style
Amir Hamja,style
Melissa Guerrero,style
Calum Marsh,style
Sadiba Hasan,style
Frederick Reimers,style
Stephanie Cain,style
Stephen Treffinger,style
Sapna Maheshwari,style
Jacob Bernstein,style
Philip Galanes,style
Zach Buchanan,style
Nia Decaille,style
Guy Trebay,style
"Callie Holtermann, Sandra E. Garcia",style
Alyson Krueger,style
Brett Berk,style
Perri Ormont Blumberg,style
Yelena Moroz Alpert,style
Elizabeth Bobrick,style
Anna Kodé,style
Joseph Bernstein,style
Elaine Glusac,style
Sandra E. Garcia,style
Jessica Testa,style
Amanda Taub,middleeast
Reuters,middleeast
Rawan Sheikh Ahmad,middleeast
"Liam Stack, Aaron Boxerman, Amanda Taub",middleeast
Johnatan Reiss,middleeast
"Isabel Kershner, Raja Abdulrahim, Adam Rasgon",middleeast
"Adam Rasgon, Hwaida Saad",middleeast
The Associated Press,middleeast
"Vivek Shankar, Liam Stack, Adam Rasgon",middleeast
Leily Nikounazar,middleeast
Michael D. Shear,middleeast
Edward Wong,middleeast
Russell Goldman,middleeast
Alissa J. Rubin,middleeast
"Lauren Leatherby, Bora Erden",middleeast
Christopher F. Schuetze,middleeast
Adam Satariano,middleeast
Carol Rosenberg,middleeast
Michael Levenson,middleeast
Marco Hernandez,middleeast
"Abu Bakr Bashir, Hiba Yazbek, Aric Toler",middleeast
Anushka Patil,middleeast
Gaya Gupta,middleeast
Isabel Kershner,middleeast
Julian E. Barnes,middleeast
Ken Belson,middleeast
Alex Marshall,middleeast
Nick Cumming-Bruce,middleeast
Kim Severson,middleeast
Patrick Kingsley,middleeast
Matt Surman,middleeast
Euan Ward,middleeast
Thomas Fuller,middleeast
Damien Cave,middleeast
Cassandra Vinograd,middleeast
Michael Crowley,middleeast
Farnaz Fassihi,middleeast
Raja Abdulrahim,middleeast
Vivek Shankar,middleeast
Paul Mozur,middleeast
Elena Shao,middleeast
"Vivian Yee, Emma Bubola",middleeast
Emad Mekay,middleeast
Aaron Boxerman,middleeast
"Elena Shao, Mika Gröndahl, Anjali Singhvi",middleeast
Gulsin Harman,middleeast
Matthew Mpoke Bigg,middleeast
Ed O’Loughlin,middleeast
Natalie Keyssar,middleeast
Nazeeha Saeed,middleeast
Eric Nagourney,middleeast
Erica L. Green,middleeast
Peter Baker,middleeast
Liam Stack,middleeast
Ronen Bergman,middleeast
Riley Mellen,middleeast
Ameera Harouda,middleeast
Peter Eavis,middleeast
Steven Erlanger,middleeast
Troy Closson,middleeast
"Patrick Kingsley, Peter Baker",middleeast
Helene Cooper,middleeast
Genevieve Glatsky,middleeast
Ben Hubbard,middleeast
"Damien Cave, Edward Wong, Adam Rasgon",middleeast
Hiba Yazbek,middleeast
Peter S. Goodman,middleeast
Vivian Nereim,middleeast
Charlie Savage,middleeast
"Edward Wong, Adam Rasgon",middleeast
Robert Jimison,middleeast
"Isabel Kershner, Cassandra Vinograd",middleeast
"Adam Rasgon, Julian E. Barnes",middleeast
Adam Nossiter,middleeast
Amy Qin,middleeast
"Damien Cave, Erica L. Green, Peter Baker, Aaron Boxerman",middleeast
Bilal Shbair,middleeast
Emma Bubola,middleeast
Abu Bakr Bashir,middleeast
"Vivian Yee, Vivian Nereim",middleeast
Hwaida Saad,middleeast
Iyad Abuheweila,middleeast
"Gulsin Harman, Aaron Boxerman, Ben Hubbard",middleeast
"Matt Surman, Michael Levenson, Christopher F. Schuetze",middleeast
"Patrick Kingsley, Edward Wong, Adam Rasgon",middleeast
Adam Rasgon,middleeast
Kate Marvel,environment
Liz Jensen,environment
Jason Bordoff,environment
Kathleen Blackburn,environment
Laura Prugh,environment
Josh Klemm,environment
Daniel Duane,environment
Jason Munshi-South,environment
Anthony Michaels,environment
Nate Loewentheil,environment
"William Ruto, Moussa Faki Mahamat, Akinwumi Adesina",environment
Jon Waterman,environment
Gernot Wagner,environment
Lisa Patel,environment
Ben Wilson,environment
Ted Kerasote,environment
Ginger Allington,environment
Paul Bogard,environment
James Morton Turner,environment
Jeff D. Colgan,environment
David George Haskell,environment
Lydia Millet,environment
Larry Shapiro,environment
Carson Vaughan,environment
Christopher Ketcham,environment
R. Jisung Park,environment
Clare Frank,environment
Andrew Schwartz,environment
Deborah Heaney,environment
Andrew Mergen,environment
Dayton Duncan,environment
Patrick Verkooijen,environment
Sarah Stodola,environment
Dominique Browning,environment
Jody Freeman,environment
Jaime Lowe,environment
Samantha Montano,environment
Jonathan Mingle,environment
Joe Fassler,environment
Mary Pipher,environment
Mark Arax,environment
Alexander Rabin,environment
Robin Wall Kimmerer,environment
Stephen Porder,environment
Andrea Marpillero-Colomina,environment
Ed Conway,environment
Elizabeth Spiers,environment
Ed Yong,environment
David Wallace-Wells,environment
Lawrence Downes,environment
Peter Singer,environment
"John T. Preston, Dennis Bushnell",environment
Robert Langellier,environment
Auden Schendler,environment
Shauna Aminath,environment
Justin S. Mankin,environment
"Amir Jina, Jesse Anttila-Hughes",environment
Benji Backer,environment
Jeremy Freeman,environment
Jacob Dreyer,environment
Stephen Lezak,environment
Aubrey Trinnaman for The New York Times,environment
Erle C. Ellis,environment
Jim Murphy,environment
Gordon McCord,environment
Craig Foster,environment
Robert B. Semple Jr.,environment
Terry Tempest Williams,environment
Ron Currie,environment
Terra Fondriest,environment
Joel Reynolds,environment
Stephen Markley,environment
David Pomerantz,environment
Elizabeth Rush,environment
Benjamin Moser,environment
Stephanie Cooke,environment
Michael Lundgren,environment
Michael Grunwald,environment
Peter Fairley,environment
Michael E. Webber,environment
Robert Bullard,environment
Margaret Renkl,environment
Charles Komanoff,environment
Nicholas Albrecht,environment
Alex Simon,environment
Erica Berry,environment
Elizabeth A. Cerceo,environment
John Vaillant,environment
Robinson Meyer,environment
Zeke Hausfather,environment
Tim Hussin,environment
Roger Worthington,environment
Erin Brethauer,environment
Carl Safina,environment
Brian Deese,environment
Isabella Winkler,environment
Oliver Franklin-Wallis,environment
Diana Nyad,environment
Paul Hockenos,environment
Jeff Goodell,environment
Damon Winter,environment
Adam Mahoney,environment
Bret Stephens,politics
J. D. Vance,politics
Stephen Markley,politics
Ari Berman,politics
Jed Handelsman Shugerman,politics
Caroline Fredrickson,politics
Thomas B. Edsall,politics
Rafal Milach,politics
Steven Rattner,politics
Kellyanne Conway,politics
Stephanie Cooke,politics
Ethan Zuckerman,politics
Ken White,politics
Aziz Rana,politics
Gregory Nolan,politics
David Wallace-Wells,politics
Katherine Miller,politics
Nelson Lund,politics
Kevin Boyle,politics
Michelle Goldberg,politics
David Brooks,politics
Michelle Cottle,politics
Ross Douthat,politics
Brendan Buck,politics
Linda Greenhouse,politics
Marie Arana,politics
Nate Loewentheil,politics
Gaby Del Valle,politics
"David French, Mary McCord",politics
Dominique Browning,politics
Nicole Gelinas,politics
Art Cullen,politics
Michael Schmelling,politics
Gail Collins,politics
Neil Gross,politics
Jamelle Bouie,politics
Julie Blackman,politics
Naomi Schaefer Riley,politics
Samuel Earle,politics
Abdullah H. Hammoud,politics
Gus Aronson,politics
Mara Gay,politics
Barbara Hanson Treen,politics
Cara Eckholm,politics
Damon Winter,politics
Damon Linker,politics
Maya Tekeli,australia
Alex Marshall,australia
Ségolène Le Stradic,australia
Sameer Yasir,australia
Tatsiana Chypsanava,australia
The New York Times,australia
Miriam Fauzia,australia
Will Higginbotham,australia
Christopher Cottrell,australia
Darryn King,australia
Erica L. Green,australia
Sui-Lee Wee,australia
Damien Cave,australia
Natasha Frost,australia
Anthony Ham,australia
"Isabella Kwai, Yan Zhuang",australia
Melanie Abrams,australia
"Natasha Frost, John Yoon",australia
Claire Moses,australia
Livia Albeck-Ripka,australia
Jack Ewing,australia
Sydney Ember,australia
Jin Yu Young,australia
Julia Bergin,australia
Victoria Kim,australia
"Reuters, The Associated Press",australia
Emmett Lindner,australia
Samuel Rutter,australia
Johnny Diaz,australia
Kate Evans,australia
Jennifer Schuessler,australia
Tripp Mickle,australia
Delthia Ricks,australia
Emma Bubola,australia
Camille Elemia,australia
Santul Nerkar,australia
Isabella Kwai,australia
"Mike Ives, Muktita Suhartono",australia
"Parks And Wildlife Service, Western Australia",australia
Amy Chang Chien,australia
Michael Harmon,australia
Ellen Barry,australia
Emily Anthes,australia
Remy Tumin,australia
Christine Hauser,australia
"Natasha Frost, Chris Buckley",australia
Kate Conger,australia
Danielle Dowling,australia
Alexandra Alter,australia
Bryant Rousseau,australia
Emily Baumgaertner,australia
Chang W. Lee,australia
John Yoon,australia
Rebecca Carballo,australia
David Maurice Smith,australia
Yan Zhuang,australia
Jason Farago,australia
Rukmini Callimachi,realestate
Tammy LaGorce,realestate
Michael Kolomatsky,realestate
D.W. Gibson,realestate
Michael Kaminer,realestate
Julie Lasky,realestate
Alison Gregor,realestate
Aliza Aufrichtig,realestate
Victoria M. Walker,realestate
Mark Kreidler,realestate
Margaret Roach,realestate
Alicia Napierkowski,realestate
Jeremy Lechtzin,realestate
Angela Serratore,realestate
Neda Toloui-Semnani,realestate
Julia Echikson,realestate
T.M. Brown,realestate
Matthew Daddona,realestate
Tim McKeough,realestate
James Surdam,realestate
Brooklyn White-Grier,realestate
Carisa Crawford Chappell,realestate
Jill Terreri Ramos,realestate
"Karen Hanley, Anna Kodé",realestate
Lana Bortolot,realestate
Claudia Gryvatz Copquin,realestate
Jill P. Capuzzo,realestate
Vivian Marino,realestate
Joanne Kaufman,realestate
Roxana Popescu,realestate
Ruru Kuo,realestate
Debra Kamin,realestate
Frances Robles,realestate
Heather Senison,realestate
Samantha Maldonado,realestate
Anna Kodé,realestate
Karen Hanley,realestate
Joyce Cohen,realestate
Anne Mancuso,realestate
Ronda Kaysen,realestate
"Karen Hanley, Debra Kamin",realestate
Anna Fixsen,realestate
Anita Gates,theater
"Houman Barekat, Matt Wolf",theater
Alex Marshall,theater
Alex Traub,theater
The New York Times,theater
"Sarah Bahr, Melissa Guerrero",theater
Matt Wolf,theater
Julia Jacobs,theater
Jesse Green,theater
Melena Ryzik,theater
Brittani Samuel,theater
Laura Cappelle,theater
Maya Phillips,theater
Maureen Dowd,theater
Douglas Greenwood,theater
Jon Robin Baitz,theater
Daniel Ramirez,theater
Sarah Bahr,theater
Gabriel Blanco,theater
Houman Barekat,theater
Juan A. Ramírez,theater
A.J. Goldmann,theater
Madison Malone Kircher,theater
Kathryn Shattuck,theater
Walker Mimms,theater
Emily Lordi,theater
Rhoda Feng,theater
Dave Itzkoff,theater
Naveen Kumar,theater
Laura Zornosa,theater
Derrick Bryson Taylor,theater
Nina Westervelt,theater
"Alex Barron, Lynn Levy, Michael Paulson",theater
Salamishah Tillet,theater
Eric Grode,theater
Sam Roberts,theater
Dan Piepenbring,theater
Alexis Soloski,theater
Rebecca J. Ritzel,theater
Laura Collins-Hughes,theater
Rachel Sherman,theater
Rob Tannenbaum,theater
Javier C. Hernández,theater
Jason Zinoman,theater
Michael Paulson,theater
Elisabeth Vincentelli,theater
J.T. Rogers,theater
Jutharat Pinyodoonyachet,theater
Robert D. McFadden,theater
Claire Hogan,theater
Camille Baker,personaltech
Karen Weise,personaltech
Catherine Pearson,personaltech
Hanna Ingber,personaltech
"Brian X. Chen, Nico Grant",personaltech
Gina Cherelus,personaltech
Erin Griffith,personaltech
Amanda Holpuch,personaltech
Alex Vadukul,personaltech
Sarah Kessler,personaltech
J. D. Biersdorfer,personaltech
Jesus Jiménez,personaltech
Jancee Dunn,personaltech
Kieran Press-Reynolds,personaltech
Frank Rojas,personaltech
Christina Caron,personaltech
Cade Metz,personaltech
Sopan Deb,personaltech
Seth Kugel,personaltech
Isabella Kwai,personaltech
Sam Roberts,personaltech
Richard Sandomir,personaltech
James Hill,personaltech
Markham Heid,personaltech
Sapna Maheshwari,personaltech
Jacob Bernstein,personaltech
Brian X. Chen,personaltech
Kate Conger,personaltech
David Marchese,personaltech
Mike Isaac,personaltech
Alyson Krueger,personaltech
Michael Levenson,personaltech
Kalley Huang,personaltech
Anita M. Harris,personaltech
Ryan Mac,personaltech
Sheera Frenkel,personaltech
Yiwen Lu,personaltech
James Estrin,music
Alex Marshall,music
Maya Salam,music
Hank Shteamer,music
Joe Coscarelli,music
Jon Caramanica,music
Hugh Morris,music
The New York Times,music
Emmanuel Morgan,music
Valeriya Safronova,music
Bill Friskics-Warren,music
Julia Jacobs,music
Giovanni Russonello,music
"Jon Pareles, Ben Sisario, Lindsay Zoladz",music
J. David Goodman,music
Marcus J. Moore,music
Melena Ryzik,music
"Jacob Bernstein, Melissa Guerrero",music
Flávia Milhorance,music
Sui-Lee Wee,music
Amanda Hess,music
Esther Zuckerman,music
Oussama Zahr,music
Quinn Moreland,music
Cassandra Vinograd,music
Daniel Ramirez,music
OK McCausland,music
Ben Sisario,music
Eve M. Kahn,music
Christopher Kuo,music
Adam Nossiter,music
Lauren Herstik,music
Emily Lordi,music
Matt Stevens,music
Madison Malone Kircher,music
Leily Nikounazar,music
Shivani Gonzalez,music
Naveen Kumar,music
Cara Buckley,music
Chris Colin,music
Christopher R. Weingarten,music
"Alex Barron, Lynn Levy, Michael Paulson",music
Jim Windolf,music
Melissa Guerrero,music
Sadiba Hasan,music
Alexis Soloski,music
Richard Sandomir,music
Laura Collins-Hughes,music
Joshua Barone,music
Christine Hauser,music
Jon Pareles,music
Lindsay Zoladz,music
Shaad D’Souza,music
Alex Williams,music
Ben Kenigsberg,music
Philip Cheung,music
Rob Tannenbaum,music
Nyimas Laula,music
Javier C. Hernández,music
Brendan Klinkenberg,music
Liz Day,music
Lila Barth,music
Michael Paulson,music
Alexandra E. Petri,music
John Yoon,music
Caryn Ganz,music
Elisabeth Vincentelli,music
Jenny Gross,music
Yan Zhuang,music
Zachary Woolfe,music
David Mack,culture
Bridgette Exman,culture
Julie V. Iovine,culture
Emily Yoshida,culture
John McWhorter,culture
Jim Gray,culture
Annie Nichol,culture
Jen Silverman,culture
Rachael Denhollander,culture
Lindsay Crouse,culture
Mark Harris,culture
Roger Rosenblatt,culture
Drew Lichtenberg,culture
Marc Hogan,culture
Jessica Bennett,culture
Anna Marks,culture
Stephen Marche,culture
Jeff Benedict,culture
Lewis Hyde,culture
Patti Davis,culture
Mark Rotella,culture
Chris Vognar,culture
Laura Hanna,culture
Lisa Schwarzbaum,culture
Natasha Degen,culture
Linda Greenhouse,culture
Peter Biskind,culture
Karen Kicak,culture
Arianne Chernock,culture
Amanda Jayatissa,culture
Denise Mina,culture
David Klion,culture
Ariel Kaminer,culture
Mary Pipher,culture
Jason Felch,culture
Rachel Kadish,culture
Elle Pérez,culture
Sarah Wildman,culture
Sandra Fox,culture
Tom Vanderbilt,culture
Laura Raicovich,culture
Elizabeth Spiers,culture
Heather Havrilesky,culture
Mireille Silcoff,culture
Amelia Tait,culture
Meher Ahmad,culture
Michael Patrick F. Smith,culture
Maris Kreizman,culture
Celeste Marcus,culture
David Grann,culture
David Wallace-Wells,culture
Adam Grant,culture
Cara Finnegan,culture
Patrick Healy,culture
Terri Gerstein,culture
David Brooks,culture
Christina Caron,culture
Sammy Miller,culture
Jessica Grose,culture
Mark Mazower,culture
Peter May,culture
Jamelle Bouie,culture
Guido Alfani,culture
Zhenya Oliinyk,culture
Euny Hong,culture
Naomi Schaefer Riley,culture
Beth Rodden,culture
Cara Eckholm,culture
Andi Zeisler,culture
Mark Ralkowski,culture
Lux Alptraum,culture
Apoorva Tadepalli,culture
Catherine Pearson,culture
Ezekiel J. Emanuel,culture
Rowan Ricardo Phillips,culture
Michael Eric Dyson,culture
Ethan Zuckerman,culture
Margaret Renkl,culture
Elizabeth Endicott,culture
Ben Brantley,culture
Ross Douthat,culture
Adam Seth Litwin,culture
Tressie McMillan Cottom,culture
Bill Carter,culture
Peniel E. Joseph,culture
Elamin Abdelmahmoud,culture
Miriam Udel,culture
David Kamp,culture
Kaj Larsen,culture
Mark Jacobson,culture
Thomas Beller,culture
Belle Burden,culture
Claire Cameron,culture
Roy Price,culture
Reuters,education
"Reuters, Storyful",education
J. David Goodman,education
Andrés R. Martínez,education
Shawn Hubler,education
Corina Knoll,education
Jillian Weinberger,education
Livia Albeck-Ripka,education
Jeremy W. Peters,education
Stephen G. Adubato,education
"Alan Blinder, Annie Karni",education
Kevin Williams,education
"Corina Knoll, Jonathan Wolfe",education
"Tracy Mumford, Edward Wong, Nicholas Nehamas, David C. Adams, Ian Stewart, Jessica Metzger",education
Gail Collins,education
Shawn Paik,education
Stephanie Saul,education
"Kimberly Cortez, Mike Baker",education
Anna Betts,education
Christine Hauser,education
Jordan Gale,education
Jenna Russell,education
"Dana Goldstein, Troy Closson",education
Michael Levenson,education
Monica Davey,education
Anemona Hartocollis,education
Patricia Mazzei,education
Patrick Cooley,education
Yan Zhuang,education
Amy Harmon,education
"Jackson Landers, Hawes Spencer",education
Matt Flegenheimer,education
"Neil Bedi, Bora Erden, Marco Hernandez, Ishaan Jhaveri, Arijeta Lajka, Natalie Reneau, Helmuth Rosales",education
The New York Times,education
Annie Karni,education
Richard Fausset,education
Benjamin Royer,education
Hilarie M. Sheets,education
"Tim Arango, Soumya Karlamangla",education
Nicholas Kristof,education
Alexandra Eaton,education
Bernard Mokam,education
Christopher Maag,education
Mitch Smith,education
Ellen Barry,education
Jacey Fortin,education
Dana Goldstein,education
Hurubie Meko,education
David French,education
"Shawn Hubler, Stephanie Saul",education
Aric Toler,education
Sarah Mervosh,education
"Emily Cochrane, Ryan Patrick Hooper, Kevin Williams",education
Robert Chiarito,education
Colbi Edmonds,education
Anjali Huynh,education
Adam Nagourney,education
Vimal Patel,education
"Maia Coleman, Olivia Bensimon",education
Peter Baker,education
Tiffany Hsu,education
Kurt Streeter,education
"David French, Sarah Wildman, Vishakha Darbha",education
Neelam Bohra,education
James Shield,education
Miriam Jordan,education
Ali Watkins,education
Troy Closson,education
Nicholas Bogel-Burroughs,education
Emily Baumgaertner,education
Mark Abramson,education
Emily Cochrane,education
Jamie Kelter Davis,education
Storyful,education
Bret Stephens,education
Jonathan Wolfe,education
Hiba Yazbek,education
"John Yoon, Yan Zhuang",education
Michael Gold,education
Katie Glueck,education
Jackson Landers,education
"Anna Betts, Matthew Eadie",education
"Tracy Mumford, Jonathan Wolfe, Ruth Graham, Ian Stewart, Jessica Metzger",education
"Jose Quezada, Jonathan Wolfe",education
Alan Blinder,education
Marc Tracy,education
Steven Lee Myers,education
Heather Knight,education
Zach Montague,education
Campbell Robertson,education
Bryan Anderson,education
James Barron,education
Mattathias Schwartz,education
Lisa Lerer,education
Matthew Eadie,education
Jill Cowan,education
Maggie Astor,education
Claire Hogan,education
"Nicholas Bogel-Burroughs, Alan Blinder",education
Kenneth Chang,science
Catrin Einhorn,science
Asher Elbein,science
Raymond Zhong,science
Christina Jewett,science
Monica Murphy,science
Paula Span,science
Robin George Andrews,science
Reed Abelson,science
Kenny Holston,science
"Aaron Byrd, Karen Hanley",science
Douglas Main,science
Anthony Ham,science
Azeen Ghorayshi,science
Emma G. Fitzsimmons,science
Roni Caryn Rabin,science
Adam Popescu,science
Jonathan Corum,science
Jim Robbins,science
Gina Kolata,science
Sarah Kliff,science
Johnny Diaz,science
Matt Richtel,science
Lisa Friedman,science
Veronique Greenwood,science
Dennis Overbye,science
CCTV via Associated Press,science
Michael S. Rosenwald,science
Delger Erdenesanaa,science
Pam Belluck,science
Julie Bosman,science
Carl Zimmer,science
Franz Lidz,science
Cade Metz,science
Coral Davenport,science
Brad Plumer,science
Jonathan Moens,science
Benjamin Mueller,science
Trip Gabriel,science
Ted Alcorn,science
"Noah Weiland, Benjamin Mueller",science
Craig Mod,science
Ali Watkins,science
Apoorva Mandavilli,science
Katrina Miller,science
Noah Weiland,science
Jack Tamisiea,science
Sam Jones,science
Richard Sandomir,science
"Emily Anthes, Apoorva Mandavilli",science
Ellen Barry,science
Stephanie Nolen,science
Emily Anthes,science
Michael Janofsky,science
Hiroko Tabuchi,science
Laurel Graeber,science
Lesley Evans Ogden,science
Oliver Whang,science
Emily Baumgaertner,science
Aatish Bhatia,science
Zoë Lescaze,science
Manuela Andreoni,science
Kate Golembiewski,science
Bill Wasik,science
Somini Sengupta,science
John Hanc,science
Clay Risen,science
Jamie Kelter Davis,science
Linda Qiu,science
Andrew Jacobs,science
Robbie Spencer,weddings
Andrew Zucker,weddings
Katherine Rosman,weddings
Rosalie R. Radomsky,weddings
Tammy LaGorce,weddings
Catherine Pearson,weddings
Stefanos Chen,weddings
Valeriya Safronova,weddings
Anna Grace Lee,weddings
Hilary Sheinbaum,weddings
Alexander Lobrano,weddings
Stefano Montali,weddings
Abby Ellin,weddings
Eric V. Copage,weddings
Sarah Lyon,weddings
Callie Holtermann,weddings
Sarah Wood,weddings
Devorah Lev-Tov,weddings
Fortesa Latifi,weddings
Jenny Block,weddings
Ivy Manners,weddings
Sadiba Hasan,weddings
Julia Carmel,weddings
John Otis,weddings
Vivian Ewing,weddings
Stephanie Cain,weddings
Alix Wall,weddings
Joshua Needelman,weddings
Amanda McCracken,weddings
Adrienne Grunwald,weddings
Maansi Srivastava,weddings
Mekita Rivas,weddings
Alix Strauss,weddings
Alexander Nazaryan,weddings
Nia Decaille,weddings
Alyson Krueger,weddings
Sanam Yar,weddings
Alex Traub,obituaries
Jonathan Abrams,obituaries
Matt Wolf,obituaries
Bill Friskics-Warren,obituaries
Giovanni Russonello,obituaries
Choe Sang-Hun,obituaries
Penelope Green,obituaries
Robert D. McFadden,obituaries
Bruce Weber,obituaries
Elizabeth Jensen,obituaries
Holland Cotter,obituaries
Amanda Holpuch,obituaries
Margalit Fox,obituaries
Frank Litsky,obituaries
Adam Nossiter,obituaries
Walker Mimms,obituaries
Jonathan Kandell,obituaries
Gavin Edwards,obituaries
Dennis Overbye,obituaries
Michael S. Rosenwald,obituaries
"Victoria Kim, Hisako Ueno",obituaries
Clyde Haberman,obituaries
Steven Kurutz,obituaries
Trip Gabriel,obituaries
Dylan Loeb McClain,obituaries
Sam Roberts,obituaries
Richard Sandomir,obituaries
Remy Tumin,obituaries
Christine Hauser,obituaries
William Grimes,obituaries
Jon Pareles,obituaries
Alex Williams,obituaries
Gaya Gupta,obituaries
Richard Goldstein,obituaries
Orlando Mayorquín,obituaries
Clay Risen,obituaries
Yan Zhuang,obituaries
"Anna Martin, Julia Botero, Christina Djossa, Reva Goldberg, Emily Lang, Davis Land, Jen Poyant, Daniel Ramirez",well
Nicole Stock,well
Dani Blum,well
Craig Marks,well
Michael Venutolo-Mantovani,well
Christina Jewett,well
Catherine Pearson,well
Anne-Marie Williams,well
Danielle Friedman,well
Jess Mayhugh,well
Talya Minsberg,well
Azeen Ghorayshi,well
"Anna Martin, Julia Botero, Christina Djossa, Reva Goldberg, Emily Lang, Jen Poyant, Davis Land, Daniel Ramirez, Pat McCusker, Marion Lozano, Carole Sabouraud, Rowan Niemisto, Diane Wong",well
Emma G. Fitzsimmons,well
Roni Caryn Rabin,well
Callie Holtermann,well
Joanne Silberner,well
Pat McCusker,well
Gina Kolata,well
Dan Powell,well
Sarah Kliff,well
Alisha Haridasani Gupta,well
Johnny Diaz,well
Matt Richtel,well
Jancee Dunn,well
Amanda Loudin,well
Christina Caron,well
Keith Bradsher,well
"Anna Martin, Julia Botero, Christina Djossa, Reva Goldberg, Emily Lang, Davis Land, Jen Poyant, Daniel Ramirez, Dan Powell",well
Pam Belluck,well
Jonathan Moens,well
Carl Zimmer,well
"Anna Martin, Julia Botero, Christina Djossa, Reva Goldberg, Emily Lang, Davis Land, Jen Poyant, Daniel Ramirez, Dan Powell, Marion Lozano, Diane Wong, Rowan Niemisto",well
Delger Erdenesanaa,well
Erik Vance,well
Peter Eavis,well
Benjamin Mueller,well
Melinda Wenner Moyer,well
Ted Alcorn,well
Megan McCrea,well
"Noah Weiland, Benjamin Mueller",well
Apoorva Mandavilli,well
Victor Mather,well
Noah Weiland,well
Knvul Sheikh,well
"Emily Anthes, Apoorva Mandavilli",well
Ellen Barry,well
Dana G. Smith,well
Alice Callahan,well
Emily Anthes,well
Marion Lozano,well
Laurel Graeber,well
Emma Dibdin,well
Danielle Pergament,well
Alexander Nazaryan,well
Alexandra Jacobs,well
"Anna Martin, Julia Botero, Christina Djossa, Reva Goldberg, Emily Lang, Davis Land, Jen Poyant, Daniel Ramirez, Dan Powell, Diane Wong, Pat McCusker, Rowan Niemisto",well
Caroline Hopkins,well
Emily Baumgaertner,well
Hope Reese,well
Lisa Miller,well
Holly Burns,well
Linda Qiu,well
Andrew Jacobs,well
Alex Marshall,design
Alex Traub,design
Zachary Small,design
Cindy Hirschfeld,design
Alina Tugend,design
Karen Rosenberg,design
Siddhartha Mitter,design
Nancy Hass,design
Pierre-Antoine Louis,design
Valerie Schremp Hahn,design
Lauren Gallow,design
Wendy Moonan,design
Suleman Anaya,design
Sam Lubell,design
Julie Lasky,design
Penelope Green,design
Ted Loos,design
Eilene Zimmerman,design
Robin Pogrebin,design
Farah Nayeri,design
Melissa Feldman,design
Jane L. Levere,design
Hilarie M. Sheets,design
Julia Halperin,design
Margaret Roach,design
Holland Cotter,design
Laura van Straaten,design
Adam Popescu,design
Shannon Wianecki,design
Alex V. Cipolle,design
Ingrid K. Williams,design
Christopher Kuo,design
Ian Volner,design
Walker Mimms,design
Matt Richtel,design
Tim McKeough,design
Chris Colin,design
Tom Mashberg,design
Ginanne Brownell,design
Jori Finkel,design
Erik Piepenburg,design
Tanya Mohn,design
Emily LaBarge,design
Steven Kurutz,design
David Belcher,design
Scott Reyburn,design
Jessica Roy,design
Jane Margolies,design
Jane Beiles,design
Amanda Villarosa,design
Alec Scott,design
Will Heinrich,design
Shivani Vora,design
Laura Rysman,design
Leslie Wayne,design
Michael Janofsky,design
Laurel Graeber,design
Ray Mark Rinaldi,design
Rachel Sherman,design
Elisabetta Povoledo,design
Alix Strauss,design
Colin Moynihan,design
Martha Schwendener,design
Yelena Moroz Alpert,design
Michael Paulson,design
Zoë Lescaze,design
Anna Kodé,design
Liz Robbins,design
Brian Seibert,design
Nina Siegal,design
Rebecca Schmid,design
John Hanc,design
Rima Suqi,design
Keridwen Cornelius,design
Jason Farago,design
Maya Salam,media
Zachary Small,media
Katie Rogers,media
Lisa Schwarzbaum,media
Lauren Hirsch,media
David Enrich,media
Penelope Green,media
Krista Schlueter,media
Nico Grant,media
Michael J. de la Merced,media
Liam Stack,media
Molly Cook Escobar,media
Elizabeth Jensen,media
Claire Moses,media
Tiffany Hsu,media
Vanessa Friedman,media
Benjamin Mullin,media
Jeremy W. Peters,media
Nicole Sperling,media
Adam Nossiter,media
Christopher Kuo,media
Ruth La Ferla,media
Steven Lee Myers,media
Michael S. Rosenwald,media
Brooks Barnes,media
Cade Metz,media
Steven Kurutz,media
Clay Risen,media
Santul Nerkar,media
Zach Schonbrun,media
Sam Roberts,media
Katrina Miller,media
Katie Robertson,media
Richard Sandomir,media
Michael M. Grynbaum,media
Sapna Maheshwari,media
Zolan Kanno-Youngs,media
"Ashwin Seshagiri, Mike Dang, Anemona Hartocollis, Kashmir Hill, Becky Hughes, Santul Nerkar, Jordyn Holman, Michael M. Grynbaum, Ellen Barry, Vanessa Friedman, Dana G. Smith, Amanda Hess, Natasha Singer, David E. Sanger, Ben Sisario, Tiffany Hsu, Sapna Maheshwari",media
Aishvarya Kavi,media
Jacob Bernstein,media
Mike Isaac,media
Javier C. Hernández,media
John Koblin,media
"Vivian Yee, Emma Bubola",media
Jim Rutenberg,media
Michael Paulson,media
"Cade Metz, Cecilia Kang, Sheera Frenkel, Stuart A. Thompson",media
David McCabe,media
Lisa Miller,media
Tariq Panja,media
Jessica Testa,media
Matthew Dekneef,t-magazine
Michael Snyder,t-magazine
Jenny Comita,t-magazine
Mark Kean,t-magazine
Max Berlinger,t-magazine
Hisato Tasaka,t-magazine
Mark Harris,t-magazine
Ilya Lipkin,t-magazine
Emilia Petrarca,t-magazine
Eviana Hartman,t-magazine
Laura May Todd,t-magazine
Travis Diehl,t-magazine
Widline Cadet,t-magazine
Joshua Charow,t-magazine
Pedro Kok,t-magazine
Susan Dominus,t-magazine
"Julia Halperin, Kate Guadagnino",t-magazine
Bill Esparza,t-magazine
Delphine Danhier,t-magazine
Mari Maeda,t-magazine
Evan Nicole Brown,t-magazine
Yuji Oboshi,t-magazine
Davit Giorgadze,t-magazine
Nick Haramis,t-magazine
Lindsay Talbot,t-magazine
Kadish Morris,t-magazine
Jason Schmidt,t-magazine
Reggie Nadelson,t-magazine
Jon Robin Baitz,t-magazine
Coco Romack,t-magazine
Yaniya Lee,t-magazine
Devorah Lev-Tov,t-magazine
Zio Baritaux,t-magazine
Christopher Petkanas,t-magazine
Kate Maxwell,t-magazine
Carlos Nazario,t-magazine
Hanya Yanagihara,t-magazine
Aatish Taseer,t-magazine
Ricardo Labougle,t-magazine
Miranda Barnes,t-magazine
Kk Obi,t-magazine
Keita Morimoto,t-magazine
Vincent van de Wijngaard,t-magazine
Imruh Asha,t-magazine
Gisela Williams,t-magazine
RF. Alvarez,t-magazine
Jessica Madavo,t-magazine
Amanda Fortini,t-magazine
Cassidy George,t-magazine
Julia Halperin,t-magazine
Casper Sejersen,t-magazine
Alice Newell-Hanson,t-magazine
Ligaya Mishan,t-magazine
Becky Cooper,t-magazine
Nicole DeMarco,t-magazine
Roxanne Fequiere,t-magazine
Alexa Brazilian,t-magazine
Esther Choi,t-magazine
Beatrice Loayza,t-magazine
Luis Alberto Rodriguez,t-magazine
Jameson Montgomery,t-magazine
Sasha Kelly,t-magazine
Dan Piepenbring,t-magazine
Kate Guadagnino,t-magazine
Emiliano Granado,t-magazine
Caitie Kelly,t-magazine
Raphael Hirsch,t-magazine
Jessica Testa,t-magazine
Simon Watson,t-magazine
Nancy Hass,t-magazine
John Wogan,t-magazine
Eimear Lynch,t-magazine
Kurt Collins,t-magazine
Anu Kumar,t-magazine
Juan A. Ramírez,t-magazine
Stefan Ruiz,t-magazine
Anakwa Dwamena,t-magazine
Aimee Farrell,t-magazine
Monica Khemsurov,t-magazine
Vanessa Golembewski,t-magazine
Clément Vayssieres,t-magazine
Jason Chen,t-magazine
Jordan Taylor Fuller,t-magazine
Alice Cavanagh,t-magazine
Ola Ebiti,t-magazine
Kurt Soller,t-magazine
Kyoko Hamada,t-magazine
Nicole Acheampong,t-magazine
Dean Kaufman,t-magazine
M.H. Miller,t-magazine
Sam Thielman,books
Alexis Coe,books
Michael Callahan,books
Amanda Hess,books
Lucy Ellmann,books
Claire Moses,books
Gabino Iglesias,books
Emily Lordi,books
Jennifer Schuessler,books
Dwight Garner,books
Brian Raftery,books
Jamie Fisher,books
Judith Newman,books
Shreya Chattopadhyay,books
Richard Sandomir,books
Anderson Tepper,books
Gina Apostol,books
Michael Paulson,books
Joumana Khatib,books
Maggie Shipstead,books
Wesley Stace,books
Dina Gachman,books
Elizabeth Winkler,books
Alexander Chee,books
Lisa Schwarzbaum,books
Alissa Wilkinson,books
Kate Elizabeth Russell,books
Adam Rubin,books
Randy Boyagoda,books
Matt Richtel,books
Eliza Minot,books
Buzz Bissinger,books
Alexis Soloski,books
Connie Wang,books
Paula Yoo,books
Alex Williams,books
Danyel Smith,books
Amelia Nierenberg,books
Alexandra Jacobs,books
Mona Awad,books
Jennifer Szalai,books
Clay Risen,books
Joshua Ferris,books
Mattie Kahn,books
Wilson Wong,books
Aaron Shulman,books
Robert Ito,books
Susannah Cahalan,books
OK McCausland,books
J. D. Biersdorfer,books
Robyn Creswell,books
Olivia Waite,books
A.O. Scott,books
Trip Gabriel,books
William Grimes,books
Jean Kwok,books
George Gene Gustines,books
MJ Franklin,books
Lionel Shriver,books
Azam Ahmed,books
Aubrey Nolan,books
Sarah Weinman,books
Emma Brockes,books
Penelope Green,books
Ainslie Hogarth,books
Esther Zuckerman,books
Elizabeth A. Harris,books
Amal El-Mohtar,books
Sarah Lyall,books
Lucinda Rosenfeld,books
Molly Jong-Fast,books
Rachel Donadio,books
Adam Nossiter,books
Benjamin P. Russell,books
Nadja Spiegelman,books
Helen Simonson,books
Lucy Sante,books
Marie Solis,books
Charlie Lee,books
Laura Collins-Hughes,books
Lindsay Zoladz,books
Philip Cheung,books
Jodie Ginsberg,contributors
Shira Efron,contributors
M. Steven Fish,contributors
Melissa Murray,contributors
Laura Riley,contributors
Jen Silverman,contributors
Alvin L. Bragg Jr.,contributors
Kathleen Blackburn,contributors
Matthew Desmond,contributors
Adam Klein,contributors
Aziz Rana,contributors
James Shapiro,contributors
Roger Rosenblatt,contributors
Stephen G. Adubato,contributors
Paula Erizanu,contributors
Brendan Buck,contributors
Gaby Del Valle,contributors
Dan Coats,contributors
Stephen Marche,contributors
Gayatri Ganju,contributors
Siddhartha Deb,contributors
Gary Sernovitz,contributors
Matthew Schmitz,contributors
Shai Held,contributors
Cameron Hudson,contributors
Geoffrey Wheatcroft,contributors
Carl Elliott,contributors
Gish Jen,contributors
Karim Sadjadpour,contributors
Thomas B. Edsall,contributors
Steven Hahn,contributors
R. Jisung Park,contributors
Andrew W. Kahrl,contributors
Linda Greenhouse,contributors
Mike M. Mochizuki,contributors
Andrew Weissmann,contributors
Ray Takeyh,contributors
Ana Raquel Minian,contributors
Julie Blackman,contributors
Rebecca Roiphe,contributors
Johann Hari,contributors
Benny Morris,contributors
Vidya Krishnan,contributors
Ari Berman,contributors
Elizabeth Spiers,contributors
Trita Parsi,contributors
Mireille Silcoff,contributors
Meher Ahmad,contributors
Tanya Gold,contributors
Mike Pence,contributors
Natalia Sylvester,contributors
Michael D. Swaine,contributors
Olivia Laing,contributors
Roxane Gay,contributors
Spencer Ackerman,contributors
Jon Grinspan,contributors
Benji Backer,contributors
Jacob Dreyer,contributors
Lindsay Ryan,contributors
Peter May,contributors
Russell Shorto,contributors
Raphael Rashid,contributors
Naomi Schaefer Riley,contributors
Randall D. Eliason,contributors
Craig Foster,contributors
Michael S. Roth,contributors
Toby Kiers,contributors
J. D. Vance,contributors
Stephen Markley,contributors
"Erin M. Sorrell, Monica Schoch-Spana",contributors
Jed Handelsman Shugerman,contributors
Lea Ypi,contributors
Caroline Fredrickson,contributors
Daniel Currell,contributors
Rory Truex,contributors
Stephanie Cooke,contributors
Ethan Zuckerman,contributors
Peter Fairley,contributors
Margaret Renkl,contributors
Daniel Barenboim,contributors
Mary Ziegler,contributors
Kevin Boyle,contributors
Nelson Lund,contributors
Tim Wu,contributors
David Broder,contributors
Maia Szalavitz,contributors
Stuart Stevens,contributors
Liz Cheney,contributors
Peggy Orenstein,contributors
Frank Bruni,contributors
Daniel Trilling,contributors
Sasha Vasilyuk,contributors
Alex Tey,contributors
Norman L. Eisen,contributors
Matthew Waxman,contributors
Reuel Marc Gerecht,contributors
Daniela J. Lamas,contributors
Meghan F. Davis,contributors
Stefanos Chen,your-money
Tara Siegel Bernard,your-money
Caitlin Kelly,your-money
Sarah Bahr,your-money
Stephanie Rosenbloom,your-money
Sarah Kliff,your-money
Paige McClanahan,your-money
"Eliza Shapiro, Asmaa Elkeurti",your-money
Ron Lieber,your-money
Eric A. Taub,your-money
Ceylan Yeginsu,your-money
Seth Kugel,your-money
Julie Weed,your-money
Gregory Schmidt,your-money
Liz Alderman,your-money
Eliza Shapiro,your-money
Ann Carrns,your-money
Steven Moity,your-money
Talmon Joseph Smith,your-money
Adrienne Grunwald,your-money
Maansi Srivastava,your-money
Stacy Cowley,your-money
Elaine Glusac,your-money
Wesley Morris,movies
Alex Traub,movies
Matt Flegenheimer,movies
The New York Times,movies
Noel Murray,movies
Maya Salam,movies
Emmanuel Morgan,movies
Jesse Green,movies
Melena Ryzik,movies
Mekado Murphy,movies
Devika Girish,movies
Robin Pogrebin,movies
Brandon Yu,movies
Esther Zuckerman,movies
Glenn Kenny,movies
Maya Phillips,movies
Alissa Wilkinson,movies
Ashley Spencer,movies
Orlando Mayorquín,movies
Marc Tracy,movies
Sarah Bahr,movies
Jason Bailey,movies
J. D. Biersdorfer,movies
Nicole Sperling,movies
Christopher Kuo,movies
Adam Nossiter,movies
Kathryn Shattuck,movies
Ruth La Ferla,movies
Matt Stevens,movies
Robert Daniels,movies
Manohla Dargis,movies
Nicolas Rapold,movies
Brooks Barnes,movies
J. Hoberman,movies
Sopan Deb,movies
Erik Piepenburg,movies
Beatrice Loayza,movies
Jim Windolf,movies
Amy Nicholson,movies
Laura Collins-Hughes,movies
Lisa Kennedy,movies
Ismail Muhammad,movies
Ben Kenigsberg,movies
Alex Williams,movies
David Marchese,movies
Carlos Aguilar,movies
John Koblin,movies
Michael Paulson,movies
Natalia Winkelman,movies
Elisabeth Vincentelli,movies
Kyle Buchanan,movies
Clay Risen,movies
Jeannette Catsoulis,movies
Dina Gachman,movies
Virginia Sole-Smith,health
Giorgia Lupi,health
Benedict Carey,health
Dona Upson,health
Kathleen Blackburn,health
Dave A. Chokshi,health
Peter Staley,health
Lainie Rutkow,health
Gayatri Ganju,health
Andrew McCarthy,health
"Emily Largent, Andrew Peterson",health
Francis Collins,health
Lucy Hutner,health
Laura Esserman,health
David George Haskell,health
The Editorial Board,health
Carl Elliott,health
Eric Reinhart,health
Zeynep Tufekci,health
Drew A. Harris,health
Deborah Heaney,health
Andrew Mergen,health
Anahita Dua,health
Nicholas Kristof,health
Linda Greenhouse,health
"Shannon Stirone, Leroy Chiao, Lori Garver",health
Deborah Cramer,health
Eben Kirksey,health
Jody Freeman,health
Dylan Walsh,health
Jennifer B. Nuzzo,health
Adam Mastroianni,health
Jason Karlawish,health
Mary Pipher,health
Amol S. Navathe,health
Ashwin Vasan,health
Johann Hari,health
Eric Klinenberg,health
Vidya Krishnan,health
"Brian Deese, Jonathan Gruber",health
Matthew Guido,health
"Ezekiel J. Emanuel, Luciana Borio, Rick Bright, Michael T. Osterholm, Jill Jim",health
Thomas Homer-Dixon,health
David Wallace-Wells,health
Adam Grant,health
Peter Coy,health
Sunita Puri,health
Anthony Fauci,health
Sunita Sah,health
David Grinspoon,health
Elizabeth Currid-Halkett,health
Katie Engelhart,health
Atul Gawande,health
Tedros Adhanom Ghebreyesus,health
Naomi Schaefer Riley,health
Catherine Russell,health
Shravani Durbhakula,health
Marci L. Bowers,health
Carole K. Hooven,health
Stephen Markley,health
Neil Vora,health
"Erin M. Sorrell, Monica Schoch-Spana",health
Frankie Huang,health
Rachael Scarborough King,health
Catherine Pearson,health
Scott Eggener,health
Alex Byrne,health
Elisabeth Rosenthal,health
Ezekiel J. Emanuel,health
Jeneen Interlandi,health
Gerald Markowitz,health
David Michaels,health
"Rebecca Fuoco, David Rosner",health
Johan Rockström,health
Molly Dickens,health
"Beth Blauer, Lauren Gardner, Sheri Lewis",health
James Tabery,health
Maia Szalavitz,health
Helen Ouyang,health
Ross Douthat,health
Ryan Cummings,health
Daniela J. Lamas,health
Tressie McMillan Cottom,health
Jeff Goodell,health
Alice Rothchild,health
Damon Winter,health
Meghan F. Davis,health
Kenneth Chang,technology
"Cade Metz, Karen Weise",technology
Zachary Small,technology
Maya Salam,technology
Karen Weise,technology
Yiwen Lu,technology
David Streitfeld,technology
David Yaffe-Bellany,technology
"Jacob Bernstein, Madison Malone Kircher",technology
Valeriya Safronova,technology
Rowan Niemisto,technology
Emily Flitter,technology
Eshe Nelson,technology
Erica L. Green,technology
Ivan Penn,technology
Nico Grant,technology
Amanda Hess,technology
"Kevin Roose, Casey Newton, Rachel Cohn, Whitney Jones, Jen Poyant, Alyssa Moxley, Dan Powell, Elisheba Ittoop",technology
Erin Griffith,technology
Jack Ewing,technology
Tiffany Hsu,technology
Vanessa Friedman,technology
Benjamin Mullin,technology
Nicole Sperling,technology
Johnny Diaz,technology
Steven Lee Myers,technology
Brooks Barnes,technology
David E. Sanger,technology
Noam Scheiber,technology
Neal E. Boudette,technology
Cade Metz,technology
Tripp Mickle,technology
Jonathan Moens,technology
"Sapna Maheshwari, David McCabe",technology
Jessica Roy,technology
Steven Kurutz,technology
"Kevin Roose, Casey Newton, Davis Land, Rachel Cohn, Whitney Jones, Jen Poyant, Alyssa Moxley, Dan Powell, Elisheba Ittoop, Marion Lozano, Sophia Lanman",technology
Cecilia Kang,technology
Don Clark,technology
Marie Solis,technology
Kashmir Hill,technology
Julie Weed,technology
Emily Schmall,technology
Niraj Chokshi,technology
Madeleine Ngo,technology
Paul Mozur,technology
Adam Satariano,technology
Marion Lozano,technology
Sapna Maheshwari,technology
"Kevin Roose, Casey Newton, Davis Land, Rachel Cohn, Whitney Jones, Jen Poyant, Alyssa Moxley, Dan Powell, Marion Lozano",technology
Matthew Goldstein,technology
"Ashwin Seshagiri, Mike Dang, Anemona Hartocollis, Kashmir Hill, Becky Hughes, Santul Nerkar, Jordyn Holman, Michael M. Grynbaum, Ellen Barry, Vanessa Friedman, Dana G. Smith, Amanda Hess, Natasha Singer, David E. Sanger, Ben Sisario, Tiffany Hsu, Sapna Maheshwari",technology
Oliver Whang,technology
Kate Conger,technology
Mike Isaac,technology
John Koblin,technology
David McCabe,technology
J. Edward Moreno,technology
Jim Rutenberg,technology
Alexandra E. Petri,technology
Natasha Singer,technology
Tariq Panja,technology
"Kevin Roose, Casey Newton, Rachel Cohn, Whitney Jones, Jen Poyant, Chris Wood, Dan Powell, Elisheba Ittoop",technology
Mujib Mashal,canada
Nasuna Stuart-Ulin,canada
Alex Traub,canada
Sameer Yasir,canada
Joe Coscarelli,canada
The New York Times,canada
Suhasini Raj,canada
Raymond Zhong,canada
Christina Jewett,canada
Ian Austen,canada
Catherine Porter,canada
Fiona McGlynn,canada
Vjosa Isai,canada
Glenn Thrush,canada
Norimitsu Onishi,canada
Jesse Green,canada
Michael Kaminer,canada
Judson Jones,canada
Elaine Glusac,canada
Rory Smith,canada
Dionne Searcey,canada
"Phoebe Zerwick, Samantha Desz, Jack D’Isidoro, Aaron Esposito, Anna Diamond, Emma Kehlbeck, Sophia Lanman",canada
Jack Ewing,canada
Amanda Holpuch,canada
Claire Moses,canada
Derek M. Norman,canada
Jonathan Corum,canada
"Josh Katz, K.K. Rebecca Lai, William B. Davis",canada
Emmett Lindner,canada
"Ian Austen, Vjosa Isai",canada
Camille Baker,canada
Ingrid K. Williams,canada
Alexandra Stevenson,canada
Rowan Moore Gerety,canada
T.M. Brown,canada
Tim McKeough,canada
Sharon Kearney,canada
Rebecca Halleck,canada
Delger Erdenesanaa,canada
Sopan Deb,canada
Alan Cowell,canada
"Muktita Suhartono, Elian Peltier, Shawna Richer",canada
Rebecca Chace,canada
Santul Nerkar,canada
Andrew Das,canada
Dennis Lim,canada
Luis Ferré-Sadurní,canada
Mitch Smith,canada
Jazmine Ulloa,canada
Lauren Matison,canada
Abbie Kozolchyk,canada
Nicholas Bogel-Burroughs,canada
Christine Hauser,canada
Isabel Harder,canada
Danielle Dowling,canada
Michael Levenson,canada
Tariq Panja,canada
Robin Catalano,canada
Mona Awad,canada
Darren Incorvaia,canada
Rebecca Carballo,canada
Somini Sengupta,canada
Jenny Gross,canada
Clay Risen,canada
Yan Zhuang,canada
Chloe Rose Stuart-Ulin,canada
Andrew Jacobs,canada
