name,section
Tim De Chant,transportation
Rebecca Bellan,transportation
Sean O'Kane,transportation
Emme Hall,transportation
Kirsten Korosec,transportation
Manish Singh,transportation
Mike Butcher,transportation
Jagmeet Singh,transportation
Brian Heater,transportation
Alex Wilhelm,transportation
Zack Whittaker,transportation
Aisha Malik,transportation
Romain Dillet,transportation
Devin Coldewey,transportation
Tage Kene-Okafor,transportation
Rita Liao,transportation
Haje Jan Kamps,transportation
Lauren Forristal,transportation
Taylor Hatmaker,transportation
Ingrid Lunden,transportation
Carly Page,transportation
Ivan Mehta,transportation
Christine Hall,transportation
Harri Weber,transportation
Cody Corrall,transportation
Anthony Levandowski,transportation
Kate Park,transportation
Morgan Little,transportation
Tim Stevens,transportation
Paul Sawers,transportation
Natasha Lomas,transportation
Darrell Etherington,transportation
Anna Heim,transportation
Jon McNeill,transportation
Catherine Shu,transportation
Abigail Bassett,transportation
Aria Alamalhodaei,transportation
Matt Burns,transportation
Annie Njanja,transportation
Dr. Nadim Maluf,transportation
Margret Dupslaff,transportation
Lauren Simonds,transportation
Sarah Perez,transportation
Lorenzo Franceschi-Bicchierai,transportation
Mary Ann Azevedo,transportation
Kyle Wiggers,transportation
Connie Loizos,transportation
Patrick George,transportation
Frederic Lardinois,transportation
Mark Harris,transportation
Amanda Silberling,transportation
Jaclyn Trop,transportation
Ron Miller,transportation
Rebecca Szkutak,transportation
Walter Thompson,transportation
Roberto Baldwin,transportation
Annie Saunders,transportation
Jon Fingas,transportation
Igor Bonifacic,transportation
Alexandra Ames,transportation
Neesha Tambe,transportation
Billy Steele,transportation
Marquise Foster,transportation
Andrew Tarantola,transportation
Ben Tigner,transportation
Mariella Moon,transportation
Kris Holt,transportation
Greg Kumparak,transportation
Alex Kalogiannis,transportation
Steve Dent,transportation
Daniel Cooper,transportation
John Samuelsen,transportation
Assaf Harel,transportation
Pete Buttigieg,transportation
Devindra Hardawar,transportation
James Trew,transportation
Roman Bysko,transportation
Mike Lenné,transportation
Jacob Tveraabak,transportation
Chelsey Colbert,transportation
Tom Rutledge,transportation
Andrew Tang,transportation
Oren Ezer,transportation
Tamara Warren,transportation
Nimrod Golan-Yanay,transportation
Bob Ma,transportation
Tarik Bolat,transportation
Danny Crichton,transportation
Jason Levine,transportation
Moshiel Biton,transportation
Travis Bernard,transportation
Nick Harris,transportation
Jordan Crook,transportation
Jonathan Shieber,transportation
Anthony Ha,transportation
Marcella McCarthy,transportation
Michael Proman,transportation
Harris Lummis,transportation
Bertrand Piccard,transportation
Mathew Yarger,transportation
Jim Messina,transportation
Megan Rose Dickey,transportation
Lucas Matney,transportation
Steve O'Hear,transportation
Gregory Manalo,transportation
Jake Bright,transportation
Natasha Mascarenhas,transportation
Kurt Nelson,transportation
Ned Desmond,transportation
Haben Girma,transportation
Daniel Rodriguez,transportation
Puneeth Meruva,transportation
Anna Escher,transportation
Ann Miura-Ko,transportation
Damon Vander Lind,transportation
Ed Niedermeyer,transportation
Emma Comeau,transportation
Arman Tabatabai,transportation
Josh Constine,transportation
Sarah Buhr,transportation
Kate Clark,transportation
Cyrus Radfar,transportation
Jeff Peters,transportation
Jon Russell,transportation
Jeff Miller,transportation
Transportation Secretary Elaine Chao,transportation
Sunil Rajaraman,transportation
Jason Rowley,transportation
Ryan Kottenstette,transportation
Hugh Harsono,transportation
John Biggs,transportation
Taylor Nakagawa,transportation
Chandrasekar Iyer,transportation
Lou Shipley,transportation
Kevin Guo,transportation
Ziad Reslan,transportation
Matt Stone,transportation
Sarah Wells,transportation
Shaun Abrahamson,transportation
Matthew Panzarino,transportation
Matthew Lynley,transportation
Evan Gaj,transportation
Bradley Tusk,transportation
Henry Pickavet,transportation
Katie Roof,transportation
Jonathan Salama,transportation
Betsy Atkins,transportation
Fitz Tepper,transportation
Deep Patel,transportation
Valery Komissarov,transportation
Ani Dasgupta,transportation
"Khaled ""Tito"" Hamze",transportation
John Mannes,transportation
Ben Schippers,transportation
Ali Ahmed,transportation
Stefan Etienne,transportation
Jon Hegranes,transportation
Ryan Lawler,transportation
Kristen Hall-Geisler,transportation
Alice Lloyd George,transportation
Lora Kolodny,transportation
Francois Chopard,transportation
Kate Conger,transportation
Colin O’Donnell,transportation
Nidhi Kalra,transportation
Clarence Hempfield,transportation
Michael Boland,transportation
Joe Blair,transportation
John Artman,transportation
Sebastien Gandon,transportation
Tony Aube,transportation
Matt Heiman,transportation
James Glasnapp,transportation
Alon Bonder,transportation
Jack Dashwood,transportation
Carol E. Reiley,transportation
Jake Medwell,transportation
Seth Birnbaum,transportation
Jussi Pikkarainen,transportation
Carl Herberger,transportation
Armin G. Schmidt,transportation
Eric Pakravan,transportation
Justin Moore,transportation
Elmira Bayrasli,transportation
Nir Erez,transportation
Matthew Rendall,transportation
Charles Harrington,transportation
Alex Moazed,transportation
Signe Brewster,transportation
Mark McSpadden,transportation
Kumar Abhimanyu,transportation
Charles Chilton,transportation
Shefi Ben-Hutta,transportation
"Scott ""DJ Skee"" Keeney",transportation
Kevin Wang,transportation
Rob Toews,transportation
Ajay Chopra,transportation
Richard Hui,transportation
Ernie Bray,transportation
Mark Lelinwalla,transportation
Max Marine,transportation
George Arison,transportation
Ned Ryan,transportation
Ben Dickson,transportation
Mario Herger,transportation
Jay Donovan,transportation
Brooks Rainwater,transportation
Oren Betzaleli,transportation
Radwa Rashad,transportation
Shawn DuBravac,transportation
Ion Yadigaroglu,transportation
John Thuma,transportation
David Frankel,transportation
Sephi Shapira,transportation
Craig Buschmann,transportation
Arthur O'Keefe,transportation
Ryan Petersen,transportation
Mike Hoefflinger,transportation
Edward Humes,transportation
Joshua Spivak,transportation
Scott Mercer,transportation
Andrew Heikkila,transportation
Loni Stark,transportation
Evan Rudowski,transportation
Jake Chapman,transportation
Robbie Goffin,transportation
Dan Graham,transportation
Yo Koga,transportation
Timo van Roermund,transportation
Nitish Kulkarni,transportation
Artem Gassan,transportation
Richard A. Lazar,transportation
Mahbubul Alam,transportation
Drew Olanoff,transportation
Cat Zakrzewski,transportation
Kim-Mai Cutler,transportation
Brett Rose,transportation
Zach Klempf,transportation
Ed Zitron,transportation
Annie Hsu,transportation
Brendan O’Brien,transportation
Cobie Everdell,transportation
Julie Ruvolo,transportation
John Erickson,transportation
Daniel Faggella,transportation
Chris Poulin,transportation
Kyle Samani,transportation
Kevin Mahaffey,transportation
Karen Roter Davis,transportation
Jay Samit,transportation
Kyle Russell,transportation
Jonathan Matus,transportation
Jens Wohltorf,transportation
Len Epp,transportation
Tien Tzuo,transportation
Tim Reyes,transportation
Ash Akhan,transportation
David Cowan,transportation
Iliya Rybchin,transportation
Mike Ducker,transportation
Christoffer O. Hernæs,transportation
Peter Yared,transportation
Colleen Taylor,transportation
Rip Empson,transportation
Nicholas Deleon,transportation
Serkan Toto,transportation
Contributor,transportation
Dominic-Madori Davis,artificial-intelligence
Julie Bort,artificial-intelligence
TechCrunch Staff,artificial-intelligence
Matt Rosoff,artificial-intelligence
TechCrunch Events,artificial-intelligence
Marina Temkin,artificial-intelligence
Jacquelyn Melinek,artificial-intelligence
Jorge Calderon,artificial-intelligence
Joshua Wöhle,artificial-intelligence
Beena Ammanath,artificial-intelligence
Alex Circei,artificial-intelligence
Richard Marcus,artificial-intelligence
Julien Codorniou,artificial-intelligence
Carrie Ryan,artificial-intelligence
Danny Rimer,artificial-intelligence
Sanjay Dhawan,artificial-intelligence
Aaron Hall,artificial-intelligence
David DeSanto,artificial-intelligence
Lu Zhang,artificial-intelligence
Mark Troller,artificial-intelligence
Alex Akimov,artificial-intelligence
Jarrett Webb,artificial-intelligence
Marc Warner,artificial-intelligence
Tigran Sloyan,artificial-intelligence
Phani Dasari,artificial-intelligence
Morgan Sung,artificial-intelligence
Jackie Rocca,artificial-intelligence
Jonathan Golden,artificial-intelligence
Connie Qian,artificial-intelligence
Raphael Ouzan,artificial-intelligence
Philippe Botteri,artificial-intelligence
Chris Ackerson,artificial-intelligence
Steve Cobb,artificial-intelligence
Dima Kovalenko,artificial-intelligence
Anton Volovyk,artificial-intelligence
Peter Chen,artificial-intelligence
Souvik Das,artificial-intelligence
Michael Koch,artificial-intelligence
Lisa Ames,artificial-intelligence
Steve Hasker,artificial-intelligence
Amitai Gilad,artificial-intelligence
Tiago Cardoso,artificial-intelligence
Artem Semjanow,artificial-intelligence
Jason Rader,artificial-intelligence
Garth Griffin,artificial-intelligence
Victoria Albrecht,artificial-intelligence
Tom Chavez,artificial-intelligence
Isaac Madan,artificial-intelligence
Kyle Walter,artificial-intelligence
Ben Kobren,artificial-intelligence
Jerel Ezell,artificial-intelligence
Yousuf Khan,artificial-intelligence
Navin Chaddha,artificial-intelligence
Daniel Marcous,artificial-intelligence
Jonas CL Valente,artificial-intelligence
Adam B. Struck,artificial-intelligence
Mike Capps,artificial-intelligence
Puneet Gupta,artificial-intelligence
Richard Smith,artificial-intelligence
Jeremiah Stone,artificial-intelligence
Will Poole,artificial-intelligence
Ayal Yogev,artificial-intelligence
Karan Bhasin,artificial-intelligence
Paris Heymann,artificial-intelligence
Gary Shapiro,artificial-intelligence
Jake Saper,artificial-intelligence
Jonathan A. Greenblatt,artificial-intelligence
Reed McGinley-Stempel,artificial-intelligence
Hugh Cameron,artificial-intelligence
Rudina Seseri,artificial-intelligence
Chaitanya Vaidya,artificial-intelligence
Jae Lee,artificial-intelligence
Ab Gaur,artificial-intelligence
Eran Shlomo,artificial-intelligence
Chris Saad,artificial-intelligence
Camilla Tenn,artificial-intelligence
Eric Landau,artificial-intelligence
Kunal Lunawat,artificial-intelligence
Veronica Torres,artificial-intelligence
Karthee Madasamy,artificial-intelligence
Tanmay Chopra,artificial-intelligence
Stefanie Waldek,artificial-intelligence
Ryan E. Long,artificial-intelligence
Richard Potter,artificial-intelligence
Andrew Mendez,artificial-intelligence
Jason Schoettler,artificial-intelligence
Sophie Alcorn,artificial-intelligence
Mike Tong,artificial-intelligence
Anita Ramaswamy,artificial-intelligence
Sunny Kumar,artificial-intelligence
Shashank Srivastava,artificial-intelligence
Alon Laniado,artificial-intelligence
Aliya Chaudhry,artificial-intelligence
David Fairman,artificial-intelligence
Brittany Allen,artificial-intelligence
Emma Betuel,artificial-intelligence
Avi Hadad,artificial-intelligence
Vasco Pedro,artificial-intelligence
Vitaly Alexandrov,artificial-intelligence
Forrest Iandola,artificial-intelligence
Jarno M. Koponen,artificial-intelligence
Dave Davis,artificial-intelligence
Josh Berman,artificial-intelligence
Prerna Gupta,artificial-intelligence
Louis Rosenberg,artificial-intelligence
Anand Rao,artificial-intelligence
Amnon Mishor,artificial-intelligence
Luis Voloch,artificial-intelligence
BIll Taranto,artificial-intelligence
Raghu Ravinutala,artificial-intelligence
Gideon Kimbrell,artificial-intelligence
Maxim Kharchenko,artificial-intelligence
Ashish Kakran,artificial-intelligence
Teresa Phillips,artificial-intelligence
Roey Mechrez,artificial-intelligence
Jacob Mullins,artificial-intelligence
Joe Hellerstein,artificial-intelligence
Catherine D. Henry,artificial-intelligence
David Karandish,artificial-intelligence
Tom Zick,artificial-intelligence
Thomas Clozel,artificial-intelligence
Ximena Aleman,artificial-intelligence
Will Uppington,artificial-intelligence
Andrea Gagliano,artificial-intelligence
Kai-Fu Lee,artificial-intelligence
Ash Fontana,artificial-intelligence
Sindhya Valloppillil,artificial-intelligence
Ken Sutton,artificial-intelligence
Ralf Haller,artificial-intelligence
Sean Michael Kerner,artificial-intelligence
Michael Gorman,artificial-intelligence
Ilyes Kacher,artificial-intelligence
Asaf Cohen,artificial-intelligence
Liz O'Sullivan,artificial-intelligence
Bikram Singh,artificial-intelligence
Katia Walsh,artificial-intelligence
Eshwar Belani,artificial-intelligence
João Graça,artificial-intelligence
Ahmer Inam,artificial-intelligence
Chetan Dube,artificial-intelligence
Sandeep Uttamchandani,artificial-intelligence
Alex Dalyac,artificial-intelligence
Alp Uguray,artificial-intelligence
Chris Nicholson,artificial-intelligence
Patrik Liu Tran,artificial-intelligence
Sylvain Kalache,artificial-intelligence
Rusty Wiley,artificial-intelligence
Einat Metzer,artificial-intelligence
Aron Solomon,artificial-intelligence
Champ Suthipongchai,artificial-intelligence
Miriam Vogel,artificial-intelligence
Gleb Polyakov,artificial-intelligence
Cat Noone,artificial-intelligence
Snehal Kundalkar,artificial-intelligence
DJ Das,artificial-intelligence
Maya Mikhailov,artificial-intelligence
Michael Li,artificial-intelligence
Chris Buttenham,artificial-intelligence
Amir Hirsh,artificial-intelligence
Sophie Burkholder,artificial-intelligence
Fayze Bouaouid,artificial-intelligence
Kendra Gaunt,artificial-intelligence
Marshall Choy,artificial-intelligence
Allison Xu,artificial-intelligence
Jim Fruchterman,artificial-intelligence
Kristin Tynski,artificial-intelligence
Dr. Patricia Scanlon,artificial-intelligence
Arjuna Costa,artificial-intelligence
Simon Moss,artificial-intelligence
Marc Gilman,artificial-intelligence
Sean Clayton,artificial-intelligence
Evan Kohn,artificial-intelligence
Nir Zuk,artificial-intelligence
Debbie Pope,artificial-intelligence
Sunny Dhillon,artificial-intelligence
Rish Joshi,artificial-intelligence
Bradford K. Newman,artificial-intelligence
Joe Apprendi,artificial-intelligence
Gary M. Shiffman,artificial-intelligence
Alfred Chuang,artificial-intelligence
Rajat Bhageria,artificial-intelligence
Tyler Cracraft,artificial-intelligence
Kyle S. Gibson,artificial-intelligence
Mario Gabriele,artificial-intelligence
Javier Saade,artificial-intelligence
Alex Chuang,artificial-intelligence
Rocio Wu,artificial-intelligence
Tim Merel,artificial-intelligence
Ganes Kesari,artificial-intelligence
Gustavo Parés,artificial-intelligence
David Blumberg,artificial-intelligence
Sowmiya Chocka Narayanan,artificial-intelligence
Adam Zelcer,artificial-intelligence
Greg Epstein,artificial-intelligence
Mark Minevich,artificial-intelligence
Eli Cahan,artificial-intelligence
Veanne Cao,artificial-intelligence
Jason Palmer,artificial-intelligence
Jon Evans,artificial-intelligence
Gregg Schoenberg,artificial-intelligence
Rae Witte,artificial-intelligence
Matt Miesnieks,artificial-intelligence
Sujai Hajela,artificial-intelligence
Kriti Sharma,artificial-intelligence
Holden Page,artificial-intelligence
Anirudh Pandit,artificial-intelligence
Vince Lynch,artificial-intelligence
Avi Reichental,artificial-intelligence
Bart Dessaint,artificial-intelligence
Ben Plomion,artificial-intelligence
Ivy Nguyen,artificial-intelligence
Osonde Osoba,artificial-intelligence
Joshua New,artificial-intelligence
Ben Bloch,artificial-intelligence
Matthew Howard,artificial-intelligence
Sanjit Dang,artificial-intelligence
Aubra Anthony,artificial-intelligence
Evan Nisselson,artificial-intelligence
Christoph Auer-Welsbach,artificial-intelligence
Jim Hunter,artificial-intelligence
Joseph Byrum,artificial-intelligence
Samantha Stein,artificial-intelligence
Martin Welker,artificial-intelligence
Uri Sarid,artificial-intelligence
Ryan Hemphill,artificial-intelligence
Ophir Tanz,artificial-intelligence
Ari Grobman,artificial-intelligence
Gillian Hadfield,artificial-intelligence
Vadim Berman,artificial-intelligence
Catherine Dong,artificial-intelligence
Daniel Huttenlocher,artificial-intelligence
Shahin Farshchi,artificial-intelligence
Chris Young,artificial-intelligence
Michael Schrage,artificial-intelligence
Steven Aquino,artificial-intelligence
Steve Cousins,artificial-intelligence
Rob LoCascio,artificial-intelligence
Kemal El Moujahid,artificial-intelligence
Felicia Shivakumar,artificial-intelligence
Federico Antoni,artificial-intelligence
Dr. Jack Stockert,artificial-intelligence
Katherine Bailey,artificial-intelligence
Sylvester Kaczmarek,artificial-intelligence
Hassaan Ahmed,artificial-intelligence
Michael Schmidt,artificial-intelligence
Don Basile,artificial-intelligence
Tim Chang,artificial-intelligence
Simon Chan,artificial-intelligence
Elizabeth McGuane,artificial-intelligence
Ramamurthy Sivakumar,artificial-intelligence
Clara Lu,artificial-intelligence
Kristian Hammond,artificial-intelligence
Shaunak Khire,artificial-intelligence
Nikolas Badminton,artificial-intelligence
Michael Dix,artificial-intelligence
Tom Hadfield,artificial-intelligence
Andrew Thomson,artificial-intelligence
Jeff Kavanaugh,artificial-intelligence
David Cheng,artificial-intelligence
Ajay Kulkarni,artificial-intelligence
Qasim Mohammad,artificial-intelligence
Vyacheslav Polonski,artificial-intelligence
Owais Afaq,artificial-intelligence
Dennis Mitzner,artificial-intelligence
Brad Bush,artificial-intelligence
Andy Gstoll,artificial-intelligence
Jason Tan,artificial-intelligence
Parag Mital,artificial-intelligence
Bryan Johnson,artificial-intelligence
Chris Baker,artificial-intelligence
Jean-Baptiste Dumont,artificial-intelligence
Yvonne Baur,artificial-intelligence
Babak Hodjat,artificial-intelligence
Claire Bretton,artificial-intelligence
KR Sanjiv,artificial-intelligence
Zoltan Istvan,artificial-intelligence
Amir Shevat,artificial-intelligence
Allan Martinson,artificial-intelligence
Samantha O'Keefe,artificial-intelligence
Nathan Richardson,artificial-intelligence
Hemant Taneja,artificial-intelligence
Matt Bencke,artificial-intelligence
Remi El-Ouazzane,artificial-intelligence
Dan Reich,artificial-intelligence
Hossein Rahnama,artificial-intelligence
Vinod Iyengar,artificial-intelligence
Martin Legowiecki,artificial-intelligence
Stephanie Hay,artificial-intelligence
Scott Amyx,artificial-intelligence
Lucia Maffei,artificial-intelligence
Motti Nisani,artificial-intelligence
Nils Lenke,artificial-intelligence
Dave Sloan,artificial-intelligence
Dr. Roger Smith,artificial-intelligence
Erik Birkeneder,artificial-intelligence
Matt McIlwain,artificial-intelligence
Justin DiPietro,artificial-intelligence
Ambarish Mitra,artificial-intelligence
David Bruemmer,artificial-intelligence
Vladimir Klimontovich,artificial-intelligence
Cory Edwards,artificial-intelligence
Pete Sena,artificial-intelligence
John Hauer,artificial-intelligence
Arun Uday,artificial-intelligence
Pramod Sharma,artificial-intelligence
David Kurtz,artificial-intelligence
John Melas-Kyriazi,artificial-intelligence
Peter Hirst,artificial-intelligence
Bo Begole,artificial-intelligence
Liraz Margalit,artificial-intelligence
Rupa Chaturvedi,artificial-intelligence
Jennifer Snell,artificial-intelligence
Mor Assia,artificial-intelligence
Ondrej Homola,artificial-intelligence
Kai Brunner,artificial-intelligence
James Crowder,artificial-intelligence
Jon Miller Schwartz,artificial-intelligence
Nick Beim,artificial-intelligence
Matt Beane,artificial-intelligence
Tari Haro,artificial-intelligence
John Rampton,artificial-intelligence
Eric Poindessault,artificial-intelligence
Simon Chandler,artificial-intelligence
"Vasant Dhar, Ph.D.",artificial-intelligence
Faisal Khalid,artificial-intelligence
Mynul Khan,artificial-intelligence
Ryan Brady,artificial-intelligence
Sean Owen,artificial-intelligence
John Holden,artificial-intelligence
Aidan Cunniffe,artificial-intelligence
Michael Schneider,artificial-intelligence
Gary Grossman,artificial-intelligence
Bruce Wilcox,artificial-intelligence
Joab Rosenberg,artificial-intelligence
Abdalla Kablan,artificial-intelligence
Mike Finley,artificial-intelligence
Luis Sanz,artificial-intelligence
Robert Dale,artificial-intelligence
Lukas Biewald,artificial-intelligence
Aria Haghighi,artificial-intelligence
Sri Nagabhirava,artificial-intelligence
Doc Huston,artificial-intelligence
Jim Rock,artificial-intelligence
Ben Narasin,artificial-intelligence
Tiffany Tsai,artificial-intelligence
Lisa Michaud,artificial-intelligence
Truls Unholt,artificial-intelligence
Justin Hendrix,artificial-intelligence
Daniel Rosenfeld,artificial-intelligence
Amitt Mahajan,artificial-intelligence
Christian Lanng,artificial-intelligence
Lauren Kunze,artificial-intelligence
Dylan Eller,artificial-intelligence
Larry Alton,artificial-intelligence
Ricardo Diaz,artificial-intelligence
Linc Gasking,artificial-intelligence
Court Westcott,artificial-intelligence
Anshu Sharma,commerce
Mariano Gomide de Faria,commerce
Jonathan Martinez,commerce
Claude Cummings Jr.,commerce
Brian Rothenberg,commerce
Konstantin Valiotti,commerce
Alex Song,commerce
Mark Munroe,commerce
Dan LeBlanc,commerce
Guru Hariharan,commerce
Daniel Hoffer,commerce
Julio Vasconcellos,commerce
Ashwin Ramasamy,commerce
Darpan Munjal,commerce
Ivan Nikkhoo,enterprise
Joshua Brueckner,enterprise
Andrew Boyagi,enterprise
Prashant Mahajan,enterprise
Cindy Zackney,enterprise
Alan Feld,enterprise
Olena Petrosyuk,enterprise
Gary Klintworth,enterprise
Daniel Lereya,enterprise
Vijay Sundaram,enterprise
Asanka Abeysinghe,enterprise
Miguel Fernandez,enterprise
Justin Kaufenberg,enterprise
David Martin,enterprise
Syed Balkhi,enterprise
Dan Brillman,enterprise
Josh Inglis,enterprise
Alex Menn,enterprise
Keegan Caldwell,enterprise
Ayelet Noff,enterprise
Tracy Young,enterprise
Mohit Agarwal,enterprise
Manish Kumar,enterprise
Timothy Bardlavens,enterprise
Nidhi Jain,enterprise
Jill Marriott,enterprise
Jake Jolis,enterprise
Kyle Campos,enterprise
Bryan House,enterprise
Ratnesh Singh Parihar,enterprise
Naveen Zutshi,enterprise
Apoorva Verma,enterprise
Thomas Robinson,enterprise
Ryan Neu,enterprise
Jonathan Schwartz,enterprise
Keith Putnam-Delaney,enterprise
Marina Martianova,enterprise
Caroline Hogan,enterprise
David J. Bianco,enterprise
Sashank Purighalla,enterprise
Eldar Tuvey,enterprise
David Magerman,enterprise
Torsten Grabs,enterprise
Lukas Gentele,enterprise
Shagun Malhotra,enterprise
Anand Shah,enterprise
Steve Goldberg,enterprise
Ketan Karkhanis,enterprise
Kellie Capote,enterprise
Sudheesh Nair,enterprise
Torben Friehe,enterprise
Kate Ahlering,enterprise
Chelsea Goddard,enterprise
Kevin Varadian,enterprise
Ido Wiesenberg,enterprise
Rak Garg,enterprise
Jag Lamba,enterprise
Ben Boissevain,enterprise
Jonathan Naymark,enterprise
Sanjay Manchanda,enterprise
Arnav Sahu,enterprise
Sahil Mansuri,enterprise
Jason Richelson,enterprise
Alex Zekoff,enterprise
Roger Hurwitz,enterprise
Arwa Kaddoura,enterprise
David Campbell,enterprise
Kyle Poyar,enterprise
Amit Anand,enterprise
Stephanie Capouch,enterprise
Bill Binch,enterprise
Erol Toker,enterprise
Ethan Batraski,enterprise
Curtis Townshend,enterprise
Saket Modi,enterprise
Daniel Faloppa,enterprise
Sachin Gupta,enterprise
Todd Olson,enterprise
Erik Bradley,enterprise
Nelia Holovina,enterprise
Marc Schröder,enterprise
Jeff Kukowski,enterprise
Brian Spanswick,enterprise
Gary Little,enterprise
Barnabas Birmacher,enterprise
Rebecca Lynn,enterprise
Sean Fanning,enterprise
Roger Gothmann,enterprise
Freddy Jose Mangum,enterprise
Lucy Heskins,enterprise
Rhys Spence,enterprise
Kerry Cunningham,enterprise
João Del Valle,enterprise
Joao Correia,enterprise
Ram Iyer,enterprise
Simon Wu,enterprise
Eric Christopher,enterprise
Noorjit Sidhu,enterprise
Jennifer Smith,enterprise
Nick Costelloe,enterprise
Konrad Sanders,enterprise
Manav Garg,enterprise
Jeff Ton,enterprise
Eric Crowley,enterprise
Ben Ofiri,enterprise
Prashant Pandey,enterprise
Boopathy Rajendran,enterprise
Jess Warrington,enterprise
Sam Richard,enterprise
Brian Turner,enterprise
Geoffrey Moore,enterprise
Andy Stinnes,enterprise
Kevin Buckley,enterprise
Rebecca Liu-Doyle,enterprise
Jason VandeBoom,enterprise
John Chen,enterprise
Krish Subramanian,enterprise
Ariel Katz,enterprise
Adam Riggs,enterprise
Tim Parkin,enterprise
Peter Wang,enterprise
Charles Caldwell,enterprise
Katherine Kostereva,enterprise
Oren Yunger,enterprise
Jeremy Levy,enterprise
Paul Estes,enterprise
Kelley Mak,enterprise
Madison Friedman,enterprise
Scott Kirsner,enterprise
David Cancel,enterprise
J.M. Donaldson,enterprise
Greg Law,enterprise
Michael Fraser,enterprise
Ashley Paston,enterprise
"Michael Whitmire, CPA",enterprise
Steve Sloane,enterprise
Gaurav Jain,enterprise
Joey Lei,enterprise
Jason Shen,enterprise
Barbara Sprenger,enterprise
Kolton Andrus,enterprise
Ed Byrne,enterprise
Aziz Gilani,enterprise
Brian Ascher,enterprise
Robert Wahbe,enterprise
Neeraj Agrawal,enterprise
Dale Chang & Jay Nathan,enterprise
Daniel Levine,enterprise
Tim Hsia & Neil Devani,enterprise
Guy Marion,enterprise
Adam Zagaris,enterprise
Ben Spero,enterprise
Michael Risse,enterprise
Lisa Hawke,enterprise
Rory O’Driscoll,enterprise
Logan Bartlett,enterprise
Rebecca Buckman,enterprise
Michael Yamnitsky,enterprise
Kapil Kedar,enterprise
Alexander Niehenke,enterprise
Leonard A. Giuliano,enterprise
Todd Gardner,enterprise
Diomedes Kastanis,enterprise
Tom Frangione,enterprise
David Chao,enterprise
Jon Lee,enterprise
Tarun Kalra,enterprise
Chris Nesi,enterprise
Len Shneyder,enterprise
Victor Belfor,enterprise
Jonathan Levine,enterprise
Jake Flomenberg,enterprise
Jai Das,enterprise
Dave Hillis,enterprise
Sandeepan Banerjee,enterprise
Chris Stone,enterprise
Tim Chou,enterprise
Tom Seo,enterprise
Donald Fischer,enterprise
Evaldo H. de Oliveira,enterprise
Rick Nucci,enterprise
Vik Singh,enterprise
Sean Jacobsohn,enterprise
Brian Feinstein,enterprise
Erez Ofer,enterprise
Justin Khoo,enterprise
Jaspreet Singh,enterprise
Daniel Saks,enterprise
Jason Green,enterprise
Slater Victoroff,enterprise
Tomasz Tunguz,enterprise
Bill Anderson-Blough,enterprise
Jeff Grabow,enterprise
Jeff Thermond,enterprise
Christine Magee,enterprise
Ajay Agarwal,enterprise
Alex Moore,enterprise
Badri Raghavan,enterprise
Raymie Stata,enterprise
Tom Rikert,enterprise
Wes Durow,enterprise
Ryan Nichols,enterprise
Nabyl Charania,enterprise
Barry Devlin,enterprise
Ross Fubini,enterprise
Nathan Sikes,enterprise
Ezra Galston,enterprise
Alex Niehenke,enterprise
Leyla Seka,enterprise
Satyam Vaghani,enterprise
Kevin Spain,enterprise
Alison Wagonfeld,enterprise
Anne Altman,enterprise
Robin Vasan,enterprise
Serge Salager,enterprise
Mamoon Hamid,enterprise
Nick Mehta,enterprise
Sravish Sridhar,enterprise
Matt Murphy,enterprise
Jim Franklin,enterprise
Andy Byrne,enterprise
K. V. Rao,enterprise
Tom Limongello,enterprise
Leena Rao,enterprise
Todd McKinnon,enterprise
Peter Relan,enterprise
Pankaj Mishra,enterprise
Semil Shah,enterprise
Alex Williams,enterprise
Mahesh Sharma,enterprise
Stephanie Yang,enterprise
Martina Larkin,social
Rimma Boshernitsan,social
Nicholas Saady,social
Marcus Merrell,social
Cherlynn Cha,security
Casber Wang,security
Mike McGuire,security
Jim Broome,security
Apu Pavithran,security
Sara Behar,security
Ilia Sotnikov,security
Steven Tamm,security
Ross Haleliuk,security
Jon Siegler,security
Runa Sandvik,security
Heather Gantt-Evans,security
David Brooks,security
Javier Perez,security
Dan Lorenc,security
Simon Butler,security
Scott Bade,security
Mehul Revankar,security
Yaron Tal,security
Wei Lien Dang,security
Michael Chertoff,security
George Gerchow,security
Jonathan Trull,security
Dr. Melanie Garson,security
Chris Jacob,security
Mandy Andress,security
Justin Beals,security
Yonit Wiseman,security
Leif-Nissen Lundbæk,security
James Hadley,security
Mark Sullivan,security
John Story,security
Dakota Cary,security
Alice Pannier,security
Joe Leonard,security
Sean McDermott,security
Ian McShane,security
Marc Ellenbogen,security
Martin Gren,security
Manish Gupta,security
Denis Mars,security
Idan Plotnik,security
Ben Higgins,security
Cat Contillo,security
Howard Boville,security
Dan Schoenbaum,security
Lamont Orange,security
Nick Lippis,security
Rick Song,security
Chandu Gopalakrishnan,security
Gina Hortatsos,security
Sergio Granada,security
Rob Gurzeev,security
Riana Pfefferkorn,security
Yvonne Leow,security
Nick Saenz,security
Julian Shapiro,security
Rob Pegoraro,security
Glen Allsopp,security
Joe Procopio,security
Daniel McKenzie,security
Joel Wallenstrom,security
Monica Pal,security
Robert R. Ackerman Jr.,security
Galen Moore,security
Tehilla Shwartz Altshuler,security
Andrew Lohn,security
Ted Schlein,security
Jim Carnes,security
Shlomi Dolev,security
Jacob Olcott,security
Jacek Materna,security
Nik Milanovic,security
Eric O'Neill,security
Neil Haran,security
Jeff Kosseff,security
Dan Lohrmann,security
Mahendra Ramsinghani,security
Robbie Forkish,security
Nathaniel Gleicher,security
Michael Schiebel,security
Ken Miller,security
Michael Kende,security
Nathan Kinch,security
Danny Rogers,security
Michael DeCesare,security
David Jevans,security
Ben Johnson,security
Dr. Jose Nazario,security
Paul Martini,security
Casey Ellis,security
Jeff Williams,security
Chris Ciabarra,security
David Hunt,security
Ron Moritz,security
Mark Palmer,security
Dylan Casey,security
Rafael Laguna,security
Brian Michael Jenkins,security
Daniel Riedel,security
Gary Davis,security
Nicole Wilke,security
Stephen Boyer,security
Aashima Gupta,security
Jay Edelson,security
Karyn Smith,security
Shannon Farley,security
Susan Peterson,security
Jason R. Edgecombe,security
Mike Lobanov,security
Michael Pozmantier,security
Leon Kuperman,security
Shahid Buttar,security
Kowsik Guruswamy,security
Mark Weatherford,security
Sandeep Bhadra,security
Vivek Wadhwa,security
Lawrence Uebel,security
Mark Painter,security
Min Pyo Hong,security
Barak Rabinowitz,security
David Goldberg,security
Chris Latterell,security
Tom Gillis,security
Bill Bourdon,security
Keegan Green,security
Richard Reiner,security
V. Gerard Comizio,security
Chris Richter,security
Ray Rothrock,security
Jay Kaplan,security
Mark Patton,security
Andrew Sanders,security
Gunter Ollmann,security
John Dixon,security
Alan McQuinn,security
Beerud Sheth,security
Adam McNeil,security
Steve Jillings,security
Mohan Koo,security
Kathryn Kane,security
Steve Durbin,security
Monzy Merza,security
Oren Levy,security
Simon Crosby,security
Wesley Wineberg,security
Dustin Childs,security
Brian Beyer,security
Ralph Dangelmaier,security
Rami Essaid,security
Steve Herrod,security
Tom Chapman,security
Deepak Jeevankumar,security
Julie Lockner,security
Adam Kujawa,security
Ben FitzGerald,security
Ofer Gayer,security
Kyle York,security
Diana Shafer,security
Arkady Bukh,security
Timothy H. Edgar,security
Jonathan Spruill,security
Shlomi Boutnaru,security
Laurent Gil,security
Sean Young,security
Arsalan Farooq,security
John Prisco,security
Alexia Tsotsis,security
Neill Occhiogrosso,security
Vivek Ravisankar,security
Kate Westmoreland,security
Andre Durand,security
Jeffery Bennett,security
Peter Dickinson,security
Nadav Lev,fundraising
David Spreng,fundraising
Bill Reichert,fundraising
Paul Hsu,fundraising
Caroline Chalmer,fundraising
Roman Axelrod,fundraising
Jean-François Morizur,fundraising
Maureen Haverty,fundraising
Jonathan Lehr,fundraising
Mark Chaffey,fundraising
Agnes Svensson,fundraising
Felipe Chávez Cortés,fundraising
Blair Silverberg,fundraising
Veronique Hördemann,fundraising
Collin Wallace,fundraising
Mysty Rusk,fundraising
Denis Shafranik,fundraising
Oleksandr Yaroshenko,fundraising
T. Alexander Puutio,fundraising
Anthony Millin,fundraising
Linda Greub,fundraising
Nathan Beckord,fundraising
Dr. James Coates,fundraising
Marjorie Radlo-Zandi,fundraising
Holden Spaht,fundraising
Alison Miller,fundraising
Scott Brown,fundraising
Dr. Galym Imanbayev,fundraising
Carlos Antequera,fundraising
Talia Rafaeli,fundraising
Corey Massella,fundraising
Jon Attwell,fundraising
Eric Tarczynski,fundraising
Henry Shapiro,fundraising
Russ Heddleston,fundraising
Michael Dombrowski,fundraising
David K. Smith,fundraising
Ann Lai,fundraising
Matt Van Itallie,fundraising
Ryan Falvey,fundraising
Immad Akhund,fundraising
Masha Bucher,fundraising
Matt Cohen,fundraising
Gaetano Crupi,fundraising
Jenny Q. Ta,fundraising
Frederik Mijnhardt,fundraising
Mack Kolarich,fundraising
Mahyar Raissi,fundraising
Kate Johnson,fundraising
Priyanka Srinivas,fundraising
Michael Redd,fundraising
Julie Gionfriddo,fundraising
Luisa Rubio Arribas,fundraising
John Weaver,fundraising
Yamin Durrani,fundraising
Anthony Rose,fundraising
Lev Kerzhner,fundraising
Karl Alomar,fundraising
Snežana Gebauer,fundraising
Adam Nash,fundraising
Mike Volpi,fundraising
Heather Fernandez,fundraising
Leslie Feinzaig,fundraising
Oriana Papin-Zoghbi,fundraising
Andrew Gershfeld,fundraising
Steve Blank,fundraising
Rebecca Mitchem,fundraising
Brent Jackson,fundraising
Bruce Dahlgren,fundraising
Jose Cayasso,fundraising
Xipeng Shen,fundraising
Brian Walsh,fundraising
Denis Kalinin,fundraising
Andy Weyer,fundraising
Lawrence Kosick,fundraising
Evan Fisher,fundraising
David Friend,fundraising
William Kilmer,fundraising
Ofri Ben-Porat,fundraising
Mario Ciabarra,fundraising
David Teten,fundraising
Georges Archibald,fundraising
Andrés Dancausa,fundraising
May Habib,fundraising
Matheus Tavares Dos Santos,fundraising
Alex Iskold,fundraising
Vin Lingathoti,fundraising
Thomas Rush,fundraising
Slava Rubin,fundraising
Andy Areitio,fundraising
Charles Yu,fundraising
Rahul Vohra,fundraising
Mercedes Bent,fundraising
Pranavi Cheemakurti,fundraising
Mikael Johnsson,fundraising
Lexi Reese,fundraising
Jamie Goldstein,fundraising
Yohei Nakajima,fundraising
Kevin Walkup,fundraising
Peyton Carr,fundraising
Matt Rodak,fundraising
Ryan Conner,fundraising
Dan Miller,fundraising
Alex Gold,fundraising
José Ancer,fundraising
Robert Frawley,startups
Michael Schick,startups
Michelle Moon,startups
Karyne Levy,startups
Krishna Depura,startups
Lyneir Richardson,startups
Chaitra Vedullapalli,startups
Noor Siddiqui,startups
Erik Wikander,startups
Christine Edmonds,startups
Vineet Jain,startups
Dan Allred,startups
David Siegel,startups
Art Kraisingkorn,startups
Lyndsey Harper,startups
David Placek,startups
Karandeep Anand,startups
Josh Claman,startups
Daniel Lloreda,startups
Greg Waisman,startups
Alex Axelrod,startups
Piyanka Jain,startups
Patrick Murphy,startups
Andrea Sommer,startups
Lamine Zarrad,startups
Raj Sundaresan,startups
Craig Douglas,startups
Mani Doraisamy,startups
Jessica Lin,startups
Scott Friend,startups
Amy Caiazza,startups
Karoli Hindriks,startups
Sarah Reed,startups
Kris Hansen,startups
Eliza Eddison,startups
Sarah Leary,startups
Anna Garcia,startups
Marta Zaccagnini,startups
Benjamin Döpfner,startups
Sanjay Aggarwal,startups
Joey Hinson,startups
Alyssa Stringer,startups
Michelle Swan,startups
TX Zhuo,startups
Eric Thomas,startups
Maëlle Gavet,startups
Monique Woodard,startups
Mohannad Ali,startups
Christian Owens,startups
Michael Beckley,startups
Frank Roe,startups
Anthony Rapa,startups
Gary Sabin,startups
Igor Shaverskyi,startups
Grant Easterbrook,startups
Blake Byrne,startups
Sid Jain,startups
Ira Lam,startups
Brian Schwarzbach,startups
Anastasiia Kuzmenko,startups
Allison Baum Gates,startups
Sach Chitnis,startups
Sanjay Reddy,startups
Healy Jones,startups
Brett Adcock,startups
Stefanie Palomino,startups
Victoria Melnikova,startups
Jeff Laborde,startups
Shelley McKinley,startups
Leslie Crowe,startups
Kittu Kolluri,startups
Roman Kumar Vyas,startups
Alex Lychak,startups
Cory Siskind,startups
Aline Lerner,startups
Dmytro Bilash,startups
Ardy Esmaeili,startups
Mark Boggett,startups
Kyle Graves,startups
Abby Miller Levy,startups
Brian Casey,startups
Peter Hazlehurst,startups
Vishal Lugani,startups
Natalia Holgado Sanchez,startups
Yuval Krigel,startups
Robert Krayn,startups
Carl Niedbala,startups
Eddie Ackerman,startups
Christopher P. Willis,startups
Nicolas Rabault,startups
Vidya Raman,startups
Miranda Halpern,startups
Nimantha Siriwardana,startups
Matt Barbieri,startups
Suzanne Xie,startups
Max Schireson,startups
Adam Sandman,startups
Chuck Soha,startups
Ramakant Vempati,startups
Sylvain Le Borgne,startups
Vadym Synegin,startups
Vincent Aiello,startups
Matt Armanino,startups
Greg Soh,startups
Saba Karim,startups
Andrew Leahey,startups
Omar Khalil,startups
Corey Wilton,startups
Devin Abbott,startups
Ori Mor,startups
Wolfgang Rückerl,startups
Nick Mills,startups
Yonaton Aronoff,startups
Liran Grinberg,startups
Stephen Moock,startups
Matt Blumberg,startups
Kristen Corpion,startups
Igor Ryabenkiy,startups
Stephen Aschettino,startups
Sam DeBrule,startups
Arul Jegadish,startups
Laura Spiekerman,startups
Jenny Lefcourt,startups
Andrew Chan,startups
Tahem Verma,startups
John S. Kim,startups
Richard Change,startups
Tom Fleetham,startups
Maju Kuruvilla,startups
Ari Jacoby,startups
Max Brenner,startups
Amanda Barbour,startups
Scott Lenet,startups
Nigel Morris,startups
David Wright,startups
Magnus Grimeland,startups
Yair Snir,startups
Marjella Lecourt-Alma,startups
Anitra St. Hilaire,startups
Bennett Carroccio,startups
Doug Petkanics,startups
Teja Yenamandra,startups
Lori Cashman,startups
Kraig Swensrud,startups
Nolan Church,startups
Sanjoy Singh,startups
Kelsey Mellard,startups
Cynthia Price,startups
Paul Fifield,startups
Vignesh Chandramouli,startups
Tory Reiss,startups
Dean Glas,startups
Dave Wechsler,startups
Ammar Bandukwala,startups
Jamie Hale,startups
Michael Popchuk,startups
Jason Paau,startups
William Wilson,startups
Ed Hallen,startups
Dana Linnet,startups
Dave Mullen,startups
Evan J. Zimmerman,startups
Sunny Saurabh,startups
Darshan Somashekar,startups
Emmy Gengler,startups
Steve Bartel,startups
Alexandre Robicquet,startups
Uday Akkaraju,startups
David Etue,startups
Marcelo Wiermann,startups
Meirav Oren,startups
Shaun O’Meara,startups
Jamie Beaton,startups
PV Boccasam,startups
Jesse Klein,startups
Amanda Milligan,startups
Miles Jennings,startups
Yann Leretaille,startups
Jean-Paul Smets,startups
Vivek Narayanadas,startups
Michael Fey,startups
Sergiu Matei,startups
Jason Wenk,startups
Elise King,startups
He Huang,startups
Sharon Vosmek,startups
Parker McCurley,startups
Clara Bullrich,startups
Rodrigo Vicuna,startups
David Annis,startups
Gary York,startups
Maria Lepskaya,startups
Christine Tsai,startups
Shanea Leven,startups
Adam Mossoff,startups
Aleksandra Korczynska,startups
Kirsten Prost,startups
Karen Peacock,startups
Matt Marcure,startups
Sowmyanarayan Raghunathan,startups
Alvaro Gutierrez,startups
James Avery,startups
Ben Parr,startups
Jamie Viggiano,startups
Joey Noble,startups
Joyce Chou,startups
Alyssa Jaffee,startups
Juan Carlos Hernández,startups
Meisha-ann Martin,startups
